Company Name,Industry,Symbol,ISIN
360 ONE WAM LIMITED,Financial Services,360ONE,INE466L01038
PERSISTENT SYSTEMS LTD.,Information Technology,PERSISTENT,INE262H01021
PAGE INDUSTRIES LTD.,Consumer Discretionary,PAGEIND,INE761H01022
PAISALO DIGITAL LIMITED,Financial Services,PAISALO,INE420C01059
Paradeep Phosphates Limited,Commodities,PARADEEP,INE088F01024
Parag Milk Foods Limited,Fast Moving Consumer Goods,PARAGMILK,INE883N01014
Paras Defence and Space Techno,Industrials,PARAS,INE045601023
PARK MEDI WORLD LIMITED,Healthcare,PARKHOSPS,INE119201023
Patanjali Foods Limited,Fast Moving Consumer Goods,PATANJALI,INE619A01035
PATEL ENGINEERING LTD.,Industrials,PATELENG,INE244B01030
PB Fintech Limited,Financial Services,POLICYBZR,INE417T01026
PC JEWELLER LTD.,Consumer Discretionary,PCJEWELLER,INE785M01021
PCBL Chemical Limited,Commodities,PCBL,INE602A01031
PDS LIMITED,Consumer Discretionary,PDSL,INE111Q01021
PEARL GLOBAL INDUSTRIES LIMITE,Consumer Discretionary,PGIL,INE940H01022
PETRONET LNG LTD.,Energy,PETRONET,INE347G01014
POLY MEDICURE LTD.,Healthcare,POLYMED,INE205C01021
PFIZER LTD.,Healthcare,PFIZER,INE182A01018
PG ELECTROPLAST LTD.,Consumer Discretionary,PGEL,INE457L01029
Physicswallah Limited,Consumer Discretionary,PWL,INE0LP301011
PICCADILY AGRO INDUSTRIES LTD.,Fast Moving Consumer Goods,PICCADIL,INE546C01010
PIDILITE INDUSTRIES LTD.,Commodities,PIDILITIND,INE318A01026
Pilani Investment And Industri,Financial Services,PILANIINVS,INE417C01014
Pine Labs Limited,Financial Services,PINELABS,INE15B701018
Piramal Finance Limited,Financial Services,PIRAMALFIN,INE202B01038
PIRAMAL PHARMA LIMITED,Healthcare,PPLPHARMA,INE0DK501011
PITTI ENGINEERING LIMITED,Industrials,PITTIENG,INE450D01021
PIX TRANSMISSIONS LTD.,Industrials,PIXTRANS,INE751B01018
PNB Housing Finance Limited,Financial Services,PNBHOUSING,INE572E01012
PNC Infratech Limited,Industrials,PNCINFRA,INE195J01029
P.I.INDUSTRIES LTD.,Commodities,PIIND,INE603J01030
P N GADGIL JEWELLERS LIMITED,Consumer Discretionary,PNGJL,INE953R01016
Oswal Pumps Limited,Industrials,OSWALPUMPS,INE0BYP01024
Orkla India Limited,Fast Moving Consumer Goods,ORKLAINDIA,INE16NZ01023
NIRLON LTD.,Services,NIRLON,INE910A01012
NITIN SPINNERS LTD.,Consumer Discretionary,NITINSPIN,INE229H01012
NIVA BUPA HEALTH INSURANCE COM,Financial Services,NIVABUPA,INE995S01015
NLC India Limited,Utilities,NLCINDIA,INE589A01014
NMDC LTD.,Commodities,NMDC,INE584A01023
NMDC Steel Limited,Commodities,NSLNISP,INE0NNS01018
NOCIL LTD.,Commodities,NOCIL,INE163A01018
NOVARTIS INDIA LTD.,Healthcare,NOVARTIND,INE234A01025
NRB BEARINGS LTD.,Consumer Discretionary,NRBBEARING,INE349A01021
NTPC GREEN ENERGY LIMITED,Utilities,NTPCGREEN,INE0ONG01011
NTPC LTD.,Utilities,NTPC,INE733E01010
NUCLEUS SOFTWARE EXPORTS LTD.,Information Technology,NUCLEUS,INE096B01018
Nuvama Wealth Management Limit,Financial Services,NUVAMA,INE531F01023
Nuvoco Vistas Corporation Limi,Commodities,NUVOCO,INE118D01016
OBEROI REALTY LTD.,Consumer Discretionary,OBEROIRLTY,INE093I01010
OIL AND NATURAL GAS CORPORATIO,Energy,ONGC,INE213A01029
OIL INDIA LTD.,Energy,OIL,INE274J01014
Ola Electric Mobility Limited,Consumer Discretionary,OLAELEC,INE0LXG01040
OLECTRA GREENTECH LIMITED,Consumer Discretionary,OLECTRA,INE260D01016
One 97 Communications Limited,Financial Services,PAYTM,INE982J01020
Onesource Specialty Pharma Lim,Healthcare,ONESOURCE,INE013P01021
OPTIEMUS INFRACOM LTD,Telecommunication,OPTIEMUS,INE350C01017
ORACLE FINANCIAL SERVICES SOFT,Information Technology,OFSS,INE881D01027
Orchid Pharma Limited,Healthcare,ORCHPHARMA,INE191A01027
ORIENT CEMENT LTD,Commodities,ORIENTCEM,INE876N01018
Orient Electric Limited,Consumer Discretionary,ORIENTELEC,INE142Z01019
ORIENTAL HOTELS LTD.,Consumer Discretionary,ORIENTHOT,INE750A01020
POKARNA LTD.,Consumer Discretionary,POKARNA,INE637C01025
Polycab India Limited,Industrials,POLYCAB,INE455K01017
3M INDIA LTD.,Diversified,3MINDIA,INE470A01017
RAYMOND LTD.,Industrials,RAYMOND,INE301A01014
RAIN INDUSTRIES LIMITED,Commodities,RAIN,INE855B01025
Rainbow Children's Medicare Li,Healthcare,RAINBOW,INE961O01016
RAJRATAN GLOBAL WIRE LTD.,Consumer Discretionary,RAJRATAN,INE451D01029
RALLIS INDIA LTD.,Commodities,RALLIS,INE613A01020
RAMCO INDUSTRIES LTD.,Commodities,RAMCOIND,INE614A01028
RAMKRISHNA FORGINGS LTD.,Consumer Discretionary,RKFORGE,INE399G01023
RAMKY INFRASTRUCTURE LTD.,Industrials,RAMKY,INE874I01013
RASHTRIYA CHEMICALS & FERTILIZ,Commodities,RCF,INE027A01015
RateGain Travel Technologies L,Information Technology,RATEGAIN,INE0CLI01024
RATNAMANI METALS & TUBES LTD.,Industrials,RATNAMANI,INE703B01027
RATTANINDIA ENTERPRISES LIMITE,Consumer Discretionary,RTNINDIA,INE834M01019
RATTANINDIA POWER LTD.,Utilities,RTNPOWER,INE399K01017
Raymond Lifestyle Limited,Consumer Discretionary,RAYMONDLSL,INE02ID01020
RBL Bank Limited,Financial Services,RBLBANK,INE976G01028
POLYPLEX CORPORATION LTD.,Industrials,POLYPLEX,INE633B01018
REC LIMITED,Financial Services,RECLTD,INE020B01018
Redington Limited,Services,REDINGTON,INE891D01026
REDTAPE Limited,Consumer Discretionary,REDTAPE,INE0LXT01019
REFEX INDUSTRIES LTD.,Utilities,REFEX,INE056I01025
RELAXO FOOTWEARS LTD.,Consumer Discretionary,RELAXO,INE131B01039
RELIANCE INDUSTRIES LTD.,Energy,RELIANCE,INE002A01018
RELIANCE POWER LTD.,Utilities,RPOWER,INE614G01033
RELIGARE ENTERPRISES LTD.,Financial Services,RELIGARE,INE621H01010
REPCO HOME FINANCE LTD.,Financial Services,REPCOHOME,INE612J01015
RESPONSIVE INDUSTRIES LTD.,Consumer Discretionary,RESPONIND,INE688D01026
Restaurant Brands Asia Limited,Consumer Discretionary,RBA,INE07T201019
RHI MAGNESITA INDIA LIMITED,Industrials,RHIM,INE743M01012
RITES Limited,Industrials,RITES,INE320J01015
RailTel Corporation of India L,Telecommunication,RAILTEL,INE0DD101019
Rail Vikas Nigam Limited,Industrials,RVNL,INE415G01027
RADICO KHAITAN LTD.,Fast Moving Consumer Goods,RADICO,INE944F01028
R SYSTEMS INTERNATIONAL LTD.,Information Technology,RSYSTEMS,INE411H01032
POONAWALLA FINCORP LIMITED,Financial Services,POONAWALLA,INE511C01022
POWER FINANCE CORPORATION LTD.,Financial Services,PFC,INE134E01011
POWER GRID CORPORATION OF INDI,Utilities,POWERGRID,INE752E01010
Power Mech Projects Limited,Industrials,POWERMECH,INE211R01019
PRAJ INDUSTRIES LTD.,Industrials,PRAJIND,INE074A01025
PRAKASH INDUSTRIES LTD.,Commodities,PRAKASH,INE603A01013
Prataap Snacks Limited,Fast Moving Consumer Goods,DIAMONDYD,INE393P01035
PRECISION WIRES INDIA LTD.,Industrials,PRECWIRE,INE372C01037
Premier Energies Limited,Industrials,PREMIERENE,INE0BS701011
PRESTIGE ESTATES PROJECTS LTD.,Consumer Discretionary,PRESTIGE,INE811K01011
Pricol Limited,Consumer Discretionary,PRICOLLTD,INE726V01018
PRIME FOCUS LTD.,Consumer Discretionary,PFOCUS,INE367G01038
Prince Pipes and Fittings Limi,Industrials,PRINCEPIPE,INE689W01016
PRISM JOHNSON LIMITED.,Commodities,PRSMJOHNSN,INE010A01011
PRIVI SPECIALITY CHEMICALS LIM,Commodities,PRIVISCL,INE959A01019
PROCTER & GAMBLE HEALTH LIMITE,Healthcare,PGHL,INE199A01012
PROCTER & GAMBLE HYGIENE & HEA,Fast Moving Consumer Goods,PGHH,INE179A01014
Prudent Corporate Advisory Ser,Financial Services,PRUDENT,INE00F201020
PSP Projects Limited,Industrials,PSPPROJECT,INE488V01015
PTC INDIA LTD.,Utilities,PTC,INE877F01012
PTC Industries Ltd.,Industrials,PTCIL,INE596F01018
PUNJAB & SIND BANK,Financial Services,PSB,INE608A01012
PUNJAB NATIONAL BANK,Financial Services,PNB,INE160A01022
PVR INOX LIMITED,Consumer Discretionary,PVRINOX,INE191H01014
QUALITY POWER ELECTRICAL EQUIP,Industrials,QPOWER,INE0SII01026
Quess Corp Limited,Services,QUESS,INE615P01015
R R KABEL LIMITED,Industrials,RRKABEL,INE777K01022
NIPPON LIFE INDIA ASSET MANAGE,Financial Services,NAM-INDIA,INE298J01013
NILKAMAL LTD.,Consumer Discretionary,NILKAMAL,INE310A01015
NIIT Learning Systems Limited,Consumer Discretionary,NIITMTS,INE342G01023
LLOYDS ENTERPRISES LIMITED,Commodities,LLOYDSENT,INE080I01025
LARSEN & TOUBRO LTD.,Industrials,LT,INE018A01030
Latent View Analytics Limited,Information Technology,LATENTVIEW,INE0I7C01011
Laurus Labs Limited,Healthcare,LAURUSLABS,INE947Q01028
Laxmi Organic Industries Limit,Commodities,LXCHEM,INE576O01020
Le Travenues Technology Limite,Consumer Discretionary,IXIGO,INE0HV901016
Leela Palaces Hotels & Resorts,Consumer Discretionary,THELEELA,INE0AQ201015
Lemon Tree Hotels Limited,Consumer Discretionary,LEMONTREE,INE970X01018
Lenskart Solutions Limited,Consumer Discretionary,LENSKART,INE956O01016
LG Electronics India Limited,Consumer Discretionary,LGEINDIA,INE324D01010
LIC HOUSING FINANCE LTD.,Financial Services,LICHSGFIN,INE115A01026
LIFE INSURANCE CORPORATION OF,Financial Services,LICI,INE0J1Y01017
Linde India Limited,Commodities,LINDEINDIA,INE473A01011
LLOYDS ENGINEERING WORKS LIMIT,Industrials,LLOYDSENGG,INE093R01011
LLOYDS METALS AND ENERGY LTD.,Commodities,LLOYDSME,INE281B01032
NHPC LTD.,Utilities,NHPC,INE848E01016
LMW Limited,Industrials,LMW,INE269B01029
Lodha Developers Limited,Consumer Discretionary,LODHA,INE670K01029
LT FOODS LTD.,Fast Moving Consumer Goods,LTFOODS,INE818H01020
LTM LIMITED,Information Technology,LTM,INE214T01019
LUMAX AUTO TECHNOLOGIES LTD.,Consumer Discretionary,LUMAXTECH,INE872H01027
LUMAX INDUSTRIES LTD.,Consumer Discretionary,LUMAXIND,INE162B01018
LUPIN LTD.,Healthcare,LUPIN,INE326A01037
Mahanagar Gas Limited,Energy,MGL,INE002S01010
MAHANAGAR TELEPHONE NIGAM LTD.,Telecommunication,MTNL,INE153A01019
MAHARASHTRA SCOOTERS LTD.,Financial Services,MAHSCOOTER,INE288A01013
MAHARASHTRA SEAMLESS LTD.,Industrials,MAHSEAMLES,INE271B01025
MAHINDRA & MAHINDRA FINANCIAL,Financial Services,M&MFIN,INE774D01024
MAHINDRA & MAHINDRA LTD.,Consumer Discretionary,M&M,INE101A01026
LANDMARK CARS LIMITED,Consumer Discretionary,LANDMARK,INE559R01029
LA OPALA RG LTD.,Consumer Discretionary,LAOPALA,INE059D01020
L.G.BALAKRISHNAN & BROS.LTD.,Consumer Discretionary,LGBBROSLTD,INE337A01034
L&T Technology Services Limite,Information Technology,LTTS,INE010V01017
KEI INDUSTRIES LTD.,Industrials,KEI,INE878B01027
KENNAMETAL INDIA LTD.,Industrials,KENNAMET,INE717A01029
KEWAL KIRAN CLOTHING LTD.,Consumer Discretionary,KKCL,INE401H01017
Keystone Realtors Limited,Consumer Discretionary,RUSTOMJEE,INE263M01029
KFin Technologies Limited,Financial Services,KFINTECH,INE138Y01010
Kingfa Science & Technology (I,Industrials,KINGFA,INE473D01015
KIOCL Limited,Commodities,KIOCL,INE880L01014
KIRI INDUSTRIES LTD.,Commodities,KIRIINDUS,INE415I01015
KIRLOSKAR BROTHERS LTD.,Industrials,KIRLOSBROS,INE732A01036
KIRLOSKAR FERROUS INDUSTRIES L,Commodities,KIRLFER,INE884B01025
KIRLOSKAR INDUSTRIES LTD,Industrials,KIRLOSIND,INE250A01039
KIRLOSKAR OIL ENGINES LTD.,Industrials,KIRLOSENG,INE146L01010
KIRLOSKAR PNEUMATIC CO.LTD.,Industrials,KIRLPNU,INE811A01020
KITEX GARMENTS LTD.,Consumer Discretionary,KITEX,INE602G01020
Knowledge Marine & Engineering,Services,KMEW,INE0CJD01029
KNR CONSTRUCTIONS LTD.,Industrials,KNRCON,INE634I01029
KOLTE-PATIL DEVELOPERS LTD.,Consumer Discretionary,KOLTEPATIL,INE094I01018
KOTAK MAHINDRA BANK LTD.,Financial Services,KOTAKBANK,INE237A01036
KOVAI MEDICAL CENTER & HOSPITA,Healthcare,KOVAI,INE177F01017
KPI Green Energy Limited,Utilities,KPIGREEN,INE542W01025
KPIT Technologies Ltd,Information Technology,KPITTECH,INE04I401011
KRBL LTD.,Fast Moving Consumer Goods,KRBL,INE001B01026
Krishna Institute of Medical S,Healthcare,KIMS,INE967H01025
KRN HEAT EXCHANGER AND REFRIGE,Industrials,KRN,INE0Q3J01015
Krsnaa Diagnostics Limited,Healthcare,KRSNAA,INE08LI01020
KSB LIMITED,Industrials,KSB,INE999A01023
L&T Finance Limited,Financial Services,LTF,INE498L01015
MAHINDRA HOLIDAYS & RESORTS IN,Consumer Discretionary,MHRIL,INE998I01010
MAHINDRA LIFESPACE DEVELOPERS,Consumer Discretionary,MAHLIFE,INE813A01018
Mahindra Logistics Limited,Services,MAHLOG,INE766P01016
MPS LTD.,Consumer Discretionary,MPSLTD,INE943D01017
Mrs. Bectors Food Specialities,Fast Moving Consumer Goods,BECTORFOOD,INE495P01020
MSTC Limited,Services,MSTCLTD,INE255X01014
MTAR Technologies Limited,Industrials,MTARTECH,INE864I01014
MUKAND LTD.,Industrials,MUKANDLTD,INE304A01026
MULTI COMMODITY EXCHANGE OF IN,Financial Services,MCX,INE745G01043
MUTHOOT FINANCE LTD.,Financial Services,MUTHOOTFIN,INE414G01012
Muthoot Microfin Limited,Financial Services,MUTHOOTMF,INE046W01019
NACL Industries Limited,Commodities,NACLIND,INE295D01020
Narayana Hrudayalaya Limited,Healthcare,NH,INE410P01011
NATCO PHARMA LTD.,Healthcare,NATCOPHARM,INE987B01026
NATIONAL ALUMINIUM CO.LTD.,Commodities,NATIONALUM,INE139A01034
NATIONAL FERTILIZERS LTD.,Commodities,NFL,INE870D01012
National Securities Depository,Financial Services,NSDL,INE301O01023
NAVA LIMITED,Utilities,NAVA,INE725A01030
NAVIN FLUORINE INTERNATIONAL L,Commodities,NAVINFLUOR,INE048G01026
NAVNEET EDUCATION LIMITED,Fast Moving Consumer Goods,NAVNETEDUL,INE060A01024
Nazara Technologies Limited,Consumer Discretionary,NAZARA,INE418L01047
NBCC (India) Limited,Industrials,NBCC,INE095N01031
NCC LIMITED,Industrials,NCC,INE868B01028
Neogen Chemicals Limited,Commodities,NEOGEN,INE136S01016
Nephrocare Health Services Lim,Healthcare,NEPHROPLUS,INE428V01029
NESCO LTD.,Services,NESCO,INE317F01035
NESTLE INDIA LTD.,Fast Moving Consumer Goods,NESTLEIND,INE239A01024
NETWEB TECHNOLOGIES INDIA LIMI,Information Technology,NETWEB,INE0NT901020
NETWORK18 MEDIA & INVESTMENTS,Consumer Discretionary,NETWORK18,INE870H01013
NEULAND LABORATORIES LTD.,Healthcare,NEULANDLAB,INE794A01010
Newgen Software Technologies L,Information Technology,NEWGEN,INE619B01017
MRF LTD.,Consumer Discretionary,MRF,INE883A01011
MPHASIS LTD.,Information Technology,MPHASIS,INE356A01018
MAN INFRACONSTRUCTION LTD.,Consumer Discretionary,MANINFRA,INE949H01023
MOTILAL OSWAL FINANCIAL SERVIC,Financial Services,MOTILALOFS,INE338I01027
Manappuram Finance Ltd,Financial Services,MANAPPURAM,INE522D01027
MANGALORE REFINERY & PETROCHEM,Energy,MRPL,INE103A01014
Mankind Pharma Limited,Healthcare,MANKIND,INE634S01028
Manorama Industries Limited,Fast Moving Consumer Goods,MANORAMA,INE00VM01036
MARICO LTD.,Fast Moving Consumer Goods,MARICO,INE196A01026
MARKSANS PHARMA LTD.,Healthcare,MARKSANS,INE750C01026
MARUTI SUZUKI INDIA LTD.,Consumer Discretionary,MARUTI,INE585B01010
MAS Financial Services Limited,Financial Services,MASFIN,INE348L01012
MASTEK LTD.,Information Technology,MASTEK,INE759A01021
Max Estates Limited,Consumer Discretionary,MAXESTATES,INE03EI01018
Max Financial Services Limited,Financial Services,MFSL,INE180A01020
Max Healthcare Institute Limit,Healthcare,MAXHEALTH,INE027H01010
MAYUR UNIQUOTERS LTD.,Consumer Discretionary,MAYURUNIQ,INE040D01038
Mazagon Dock Shipbuilders Limi,Industrials,MAZDOCK,INE249Z01020
Medi Assist Healthcare Service,Financial Services,MEDIASSIST,INE456Z01021
Medplus Health Services Limite,Consumer Discretionary,MEDPLUS,INE804L01022
Meesho Limited,Consumer Discretionary,MEESHO,INE0VDM01015
Metro Brands Limited,Consumer Discretionary,METROBRAND,INE317I01021
Metropolis Healthcare Limited,Healthcare,METROPOLIS,INE112L01020
Midwest Limited,Consumer Discretionary,MIDWESTLTD,INE0XAD01024
Minda Corporation Limited,Consumer Discretionary,MINDACORP,INE842C01021
Mishra Dhatu Nigam Limited,Industrials,MIDHANI,INE099Z01011
MMTC LTD.,Services,MMTC,INE123F01029
MOIL LTD.,Commodities,MOIL,INE490G01020
MOLD-TEK PACKAGING LIMITED,Industrials,MOLDTKPAC,INE893J01029
MOREPEN LABORATORIES LTD.,Healthcare,MOREPENLAB,INE083A01026
Motherson Sumi Wiring India Li,Consumer Discretionary,MSUMI,INE0FS801015
Rolex Rings Limited,Consumer Discretionary,ROLEXRINGS,INE645S01024
ROSSARI BIOTECH LIMITED,Commodities,ROSSARI,INE02A801020
Route Mobile Limited,Telecommunication,ROUTE,INE450U01017
TRIVENI ENGINEERING & INDUSTRI,Fast Moving Consumer Goods,TRIVENI,INE256C01024
TIMEX GROUP INDIA LTD.,Consumer Discretionary,TIMEX,INE064A01026
TIMKEN INDIA LTD.,Industrials,TIMKEN,INE325A01013
TIPS MUSIC LIMITED,Consumer Discretionary,TIPSMUSIC,INE716B01029
TITAGARH RAIL SYSTEMS LIMITED,Industrials,TITAGARH,INE615H01020
TITAN COMPANY LIMITED,Consumer Discretionary,TITAN,INE280A01028
TORRENT PHARMACEUTICALS LTD.,Healthcare,TORNTPHARM,INE685A01028
TORRENT POWER LTD.,Utilities,TORNTPOWER,INE813H01021
TRANSFORMERS AND RECTIFIERS (I,Industrials,TARIL,INE763I01026
TRANSPORT CORPORATION OF INDIA,Services,TCI,INE688A01022
Transrail Lighting Limited,Industrials,TRANSRAILL,INE454P01035
TRAVEL FOOD SERVICES LIMITED,Consumer Discretionary,TRAVELFOOD,INE103V01028
TRENT LTD.,Consumer Discretionary,TRENT,INE849A01020
TRIDENT LTD.,Consumer Discretionary,TRIDENT,INE064C01022
TRIVENI TURBINE LTD.,Industrials,TRITURBINE,INE152M01016
TATA CONSUMER PRODUCTS LIMITED,Fast Moving Consumer Goods,TATACONSUM,INE192A01025
TTK PRESTIGE LTD.,Consumer Discretionary,TTKPRESTIG,INE690A01028
Tube Investments of India Ltd,Consumer Discretionary,TIINDIA,INE974X01010
TVS Holdings Limited,Financial Services,TVSHLTD,INE105A01035
TVS MOTOR COMPANY LTD.,Consumer Discretionary,TVSMOTOR,INE494B01023
TVS SRICHAKRA LTD.,Consumer Discretionary,TVSSRICHAK,INE421C01016
TVS Supply Chain Solutions Lim,Services,TVSSCS,INE395N01027
UCO BANK,Financial Services,UCOBANK,INE691A01018
UFLEX LTD.,Industrials,UFLEX,INE516A01017
UGRO CAPITAL LIMITED,Financial Services,UGROCAP,INE583D01011
Ujjivan Small Finance Bank Lim,Financial Services,UJJIVANSFB,INE551W01018
ULTRATECH CEMENT LTD.,Commodities,ULTRACEMCO,INE481G01011
UNICHEM LABORATORIES LTD.,Healthcare,UNICHEMLAB,INE351A01035
Unimech Aerospace and Manufact,Industrials,UNIMECH,INE0U3I01011
TIME TECHNOPLAST LTD.,Industrials,TIMETECHNO,INE508G01029
TILAKNAGAR INDUSTRIES LTD.,Fast Moving Consumer Goods,TI,INE133E01013
Thyrocare Technologies Limited,Healthcare,THYROCARE,INE594H01019
THOMAS COOK (INDIA) LTD.,Consumer Discretionary,THOMASCOOK,INE332A01027
TATA INVESTMENT CORPORATION LT,Financial Services,TATAINVEST,INE672A01026
Tata Motors Limited,Industrials,TMCV,INE1TAE01010
TATA MOTORS PASSENGER VEHICLES,Consumer Discretionary,TMPV,INE155A01022
TATA POWER CO.LTD.,Utilities,TATAPOWER,INE245A01021
TATA STEEL LTD.,Commodities,TATASTEEL,INE081A01020
Tata Technologies Limited,Information Technology,TATATECH,INE142M01025
TATA TELESERVICES (MAHARASHTRA,Telecommunication,TTML,INE517B01013
Tatva Chintan Pharma Chem Limi,Commodities,TATVA,INE0GK401011
TBO TEK LIMITED,Consumer Discretionary,TBOTEK,INE673O01025
TCI Express Limited,Services,TCIEXP,INE586V01016
TeamLease Services Limited,Services,TEAMLEASE,INE985S01024
TECH MAHINDRA LTD.,Information Technology,TECHM,INE669C01036
Techno Electric & Engineering,Industrials,TECHNOE,INE285K01026
TECHNOCRAFT INDUSTRIES (INDIA),Industrials,TIIL,INE545H01011
Tega Industries Limited,Industrials,TEGA,INE011K01018
Tejas Networks Limited,Telecommunication,TEJASNET,INE010J01012
Tenneco Clean Air India Limite,Consumer Discretionary,TENNIND,INE19RI01016
TEXMACO RAIL & ENGINEERING LTD,Industrials,TEXRAIL,INE621L01012
THANGAMAYIL JEWELLERY LTD,Consumer Discretionary,THANGAMAYL,INE085J01014
The Anup Engineering Ltd,Industrials,ANUP,INE294Z01018
The Bombay Burmah Trading Corp,Fast Moving Consumer Goods,BBTC,INE050A01025
THE INDIAN HOTELS COMPANY LTD,Consumer Discretionary,INDHOTEL,INE053A01029
The New India Assurance Compan,Financial Services,NIACL,INE470Y01017
THE PHOENIX MILLS LTD,Consumer Discretionary,PHOENIXLTD,INE211B01039
THE RAMCO CEMENTS LIMITED,Commodities,RAMCOCEM,INE331A01037
THERMAX LTD.,Industrials,THERMAX,INE152A01029
THIRUMALAI CHEMICALS LTD.,Commodities,TIRUMALCHM,INE338A01024
UNION BANK OF INDIA,Financial Services,UNIONBANK,INE692A01016
Uniparts India Limited,Consumer Discretionary,UNIPARTS,INE244O01017
UNITED BREWERIES LTD.,Fast Moving Consumer Goods,UBL,INE686F01025
VODAFONE IDEA  LIMITED,Telecommunication,IDEA,INE669E01016
VOLTAS LTD.,Consumer Discretionary,VOLTAS,INE226A01021
VRL Logistics Limited,Services,VRLLOG,INE366I01010
VST INDUSTRIES LTD.,Fast Moving Consumer Goods,VSTIND,INE710A01016
Waaree Energies Limited,Industrials,WAAREEENER,INE377N01017
WAAREE RENEWABLE TECHNOLOGIES,Industrials,WAAREERTL,INE299N01021
Wakefit Innovations Limited,Consumer Discretionary,WAKEFIT,INE0E7301029
WEBSOL ENERGY SYSTEM LTD.,Industrials,WEBELSOLAR,INE855C01023
WELSPUN CORP LIMITED,Industrials,WELCORP,INE191B01025
WELSPUN ENTERPRISES LIMTED,Industrials,WELENT,INE625G01013
WELSPUN LIVING LIMITED,Consumer Discretionary,WELSPUNLIV,INE192B01031
West Coast Paper Mills Limited,Commodities,WSTCSTPAPR,INE976A01021
WESTLIFE FOODWORLD LIMITED,Consumer Discretionary,WESTLIFE,INE274F01020
WeWork India Management Limite,Services,WEWORK,INE085001019
WHIRLPOOL OF INDIA LTD.,Consumer Discretionary,WHIRLPOOL,INE716A01013
WIPRO LTD.,Information Technology,WIPRO,INE075A01022
WOCKHARDT LTD.,Healthcare,WOCKPHARMA,INE049B01025
WONDERLA HOLIDAYS LTD,Consumer Discretionary,WONDERLA,INE066O01014
WPIL LTD.,Industrials,WPIL,INE765D01022
YATHARTH HOSPITAL & TRAUMA CAR,Healthcare,YATHARTH,INE0JO301016
YATRA ONLINE LIMITED,Consumer Discretionary,YATRA,INE0JR601024
YES BANK LTD.,Financial Services,YESBANK,INE528G01035
ZAGGLE PREPAID OCEAN SERVICES,Information Technology,ZAGGLE,INE07K301024
ZEE ENTERTAINMENT ENTERPRISES,Consumer Discretionary,ZEEL,INE256A01028
ZEN TECHNOLOGIES LTD.,Industrials,ZENTEC,INE251B01027
ZENSAR TECHNOLOGIES LTD.,Information Technology,ZENSARTECH,INE520A01027
ZF Commercial Vehicle Control,Consumer Discretionary,ZFCVINDIA,INE342J01019
Zydus Lifesciences Limited,Healthcare,ZYDUSLIFE,INE010B01027
VOLTAMP TRANSFORMERS LTD.,Industrials,VOLTAMP,INE540H01012
VIYASH SCIENTIFIC LIMITED,Healthcare,VIYASH,INE807F01027
UNITED SPIRITS LTD.,Fast Moving Consumer Goods,UNITDSPR,INE854D01024
VISHNU CHEMICALS LTD.,Commodities,VISHNU,INE270I01022
UNO Minda Limited,Consumer Discretionary,UNOMINDA,INE405E01023
UPL LIMITED,Commodities,UPL,INE628A01036
Urban Company Limited,Consumer Discretionary,URBANCO,INE0CAZ01013
USHA MARTIN LTD.,Industrials,USHAMART,INE228A01035
UTI Asset Management Company L,Financial Services,UTIAMC,INE094J01016
UTKARSH SMALL FINANCE BANK LIM,Financial Services,UTKARSHBNK,INE735W01017
V-GUARD INDUSTRIES LTD.,Consumer Discretionary,VGUARD,INE951I01027
V-MART RETAIL LTD.,Consumer Discretionary,VMART,INE665J01013
V.I.P.INDUSTRIES LTD.,Consumer Discretionary,VIPIND,INE054A01027
V.S.T.TILLERS TRACTORS LTD.,Industrials,VSTTILLERS,INE764D01017
V2 RETAIL LTD.,Consumer Discretionary,V2RETAIL,INE945H01021
VA TECH WABAG LTD.,Utilities,WABAG,INE956G01038
VADILAL INDUSTRIES LTD.,Fast Moving Consumer Goods,VADILALIND,INE694D01016
VAIBHAV GLOBAL LTD,Consumer Discretionary,VAIBHAVGBL,INE884A01027
VARDHMAN SPECIAL STEELS LTD.,Industrials,VSSL,INE050M01012
VARDHMAN TEXTILES LTD.,Consumer Discretionary,VTL,INE825A01020
Varroc Engineering Limited,Consumer Discretionary,VARROC,INE665L01035
Varun Beverages Limited,Fast Moving Consumer Goods,VBL,INE200M01039
Vedant Fashions Limited,Consumer Discretionary,MANYAVAR,INE825V01034
VENKYS (INDIA) LTD.,Fast Moving Consumer Goods,VENKEYS,INE398A01010
Ventive Hospitality Limited,Consumer Discretionary,VENTIVE,INE781S01027
Venus Pipes & Tubes Limited,Industrials,VENUSPIPES,INE0JA001018
VESUVIUS INDIA LTD.,Industrials,VESUVIUS,INE386A01023
Vijaya Diagnostic Centre Limit,Healthcare,VIJAYA,INE043W01024
Vikram Solar Limited,Industrials,VIKRAMSOLR,INE078V01014
VINATI ORGANICS LTD.,Commodities,VINATIORGA,INE410B01037
Vishal Mega Mart Limited,Consumer Discretionary,VMM,INE01EA01019
TATA ELXSI LTD.,Information Technology,TATAELXSI,INE670A01012
TATA CONSULTANCY SERVICES LTD.,Information Technology,TCS,INE467B01029
RPG LIFE SCIENCES LTD.,Healthcare,RPGLIFE,INE105J01010
SHILPA MEDICARE LTD.,Healthcare,SHILPAMED,INE790G01031
Senco Gold Limited,Consumer Discretionary,SENCO,INE602W01027
Seshaasai Technologies Limited,Financial Services,STYL,INE04VU01023
SG FINSERVE LIMITED,Financial Services,SGFIN,INE618R01015
SG MART LIMITED,Commodities,SGMART,INE385F01024
SHAILY ENGINEERING PLASTICS LT,Consumer Discretionary,SHAILY,INE151G01028
SHAKTI PUMPS (INDIA) LTD.,Industrials,SHAKTIPUMP,INE908D01010
Shalby Limited,Healthcare,SHALBY,INE597J01018
SHANTHI GEARS LTD.,Industrials,SHANTIGEAR,INE631A01022
Sharda Cropchem Limited,Commodities,SHARDACROP,INE221J01015
SHARDA MOTOR INDUSTRIES LTD,Consumer Discretionary,SHARDAMOTR,INE597I01028
Share India Securities Limited,Financial Services,SHAREINDIA,INE932X01026
Sheela Foam Limited,Consumer Discretionary,SFL,INE916U01025
SHILCHAR TECHNOLOGIES LTD.,Industrials,SHILCTECH,INE024F01011
SHIPPING CORPORATION OF INDIA,Services,SCI,INE109A01011
TATA COMMUNICATIONS LTD.,Telecommunication,TATACOMM,INE151A01013
SHIVALIK BIMETAL CONTROLS LTD.,Industrials,SBCL,INE386D01027
SHOPPERS STOP LTD.,Consumer Discretionary,SHOPERSTOP,INE498B01024
SHREE CEMENT LTD.,Commodities,SHREECEM,INE070A01015
SHREE RENUKA SUGARS LTD.,Fast Moving Consumer Goods,RENUKA,INE087H01022
Shreeji Shipping Global Limite,Services,SHREEJISPG,INE1B6101010
Shriram Finance Limited,Financial Services,SHRIRAMFIN,INE721A01047
Shyam Metalics and Energy Limi,Industrials,SHYAMMETL,INE810G01011
Siemens Energy India Limited,Industrials,ENRIN,INE1NPP01017
SIEMENS LTD.,Industrials,SIEMENS,INE003A01024
SIGNATUREGLOBAL (INDIA) LIMITE,Consumer Discretionary,SIGNATURE,INE903U01023
SINDHU TRADE LINKS LIMITED,Energy,SINDHUTRAD,INE325D01025
Sirca Paints India Limited,Consumer Discretionary,SIRCA,INE792Z01011
SIS LIMITED,Consumer Discretionary,SIS,INE285J01028
SEAMEC LTD.,Services,SEAMECLTD,INE497B01018
SCHNEIDER ELECTRIC INFRASTRUCT,Industrials,SCHNEIDER,INE839M01018
Schaeffler India Limited,Consumer Discretionary,SCHAEFFLER,INE513A01022
SBI Life Insurance Company Lim,Financial Services,SBILIFE,INE123W01016
RPSG VENTURES LIMITED,Services,RPSGVENT,INE425Y01011
RUBICON RESEARCH LIMITED,Healthcare,RUBICON,INE506V01022
S H Kelkar and Company Limited,Commodities,SHK,INE500L01026
S.J.S. Enterprises Limited,Consumer Discretionary,SJS,INE284S01014
Saatvik Green Energy Limited,Industrials,SAATVIKGL,INE13B501022
SAFARI INDUSTRIES (INDIA) LTD.,Consumer Discretionary,SAFARI,INE429E01023
SAGAR CEMENTS LTD.,Commodities,SAGCEM,INE229C01021
Sagility Limited,Information Technology,SAGILITY,INE0W2G01015
Sai Life Sciences Limited,Healthcare,SAILIFE,INE570L01029
Sai Silks (Kalamandir) Limited,Consumer Discretionary,KALAMANDIR,INE438K01021
Samhi Hotels Limited,Consumer Discretionary,SAMHI,INE08U801020
Sammaan Capital Limited,Financial Services,SAMMAANCAP,INE148I01020
Samvardhana Motherson Internat,Consumer Discretionary,MOTHERSON,INE775A01035
Sandhar Technologies Limited,Consumer Discretionary,SANDHAR,INE278H01035
SANDUR MANGANESE & IRON ORES L,Commodities,SANDUMA,INE149K01016
SANGAM (INDIA) LTD.,Consumer Discretionary,SANGAMIND,INE495C01010
SANGHVI MOVERS LTD.,Services,SANGHVIMOV,INE989A01032
Sanofi Consumer Healthcare Ind,Healthcare,SANOFICONR,INE0UOS01011
SANOFI INDIA LTD,Healthcare,SANOFI,INE058A01010
Sansera Engineering Limited,Consumer Discretionary,SANSERA,INE953O01021
Sapphire Foods India Limited,Consumer Discretionary,SAPPHIRE,INE806T01020
SARDA ENERGY & MINERALS LTD.,Commodities,SARDAEN,INE385C01021
SAREGAMA INDIA LTD.,Consumer Discretionary,SAREGAMA,INE979A01025
Sasken Technologies Limited,Information Technology,SASKEN,INE231F01020
SAVITA OIL TECHNOLOGIES LTD.,Energy,SOTL,INE035D01020
SBFC Finance Limited,Financial Services,SBFC,INE423Y01016
SBI CARDS AND PAYMENT SERVICES,Financial Services,SBICARD,INE018E01016
SIYARAM SILK MILLS LTD.,Consumer Discretionary,SIYSIL,INE076B01028
SJVN LTD,Utilities,SJVN,INE002L01015
SKF INDIA (INDUSTRIAL) LIMITED,Industrials,SKFINDUS,INE2J8701016
SUN PHARMACEUTICAL INDUSTRIES,Healthcare,SUNPHARMA,INE044A01036
SUNDARAM-CLAYTON LIMITED,Consumer Discretionary,SUNCLAY,INE0Q3R01026
SUNDRAM FASTENERS LTD.,Consumer Discretionary,SUNDRMFAST,INE387A01021
SUNDROP BRANDS LIMITED,Fast Moving Consumer Goods,SUNDROP,INE209A01019
SUNFLAG IRON & STEEL CO.LTD.,Industrials,SUNFLAG,INE947A01014
SUNTECK REALTY LTD.,Consumer Discretionary,SUNTECK,INE805D01034
SUPRAJIT ENGINEERING LTD.,Consumer Discretionary,SUPRAJIT,INE399C01030
SUPREME INDUSTRIES LTD.,Industrials,SUPREMEIND,INE195A01028
SUPREME PETROCHEM LTD.,Commodities,SPLPETRO,INE663A01033
Supriya Lifescience Limited,Healthcare,SUPRIYA,INE07RO01027
SURYA ROSHNI LTD.,Industrials,SURYAROSNI,INE335A01020
SUVEN LIFE SCIENCES LTD.,Healthcare,SUVEN,INE495B01038
SUZLON ENERGY LTD.,Industrials,SUZLON,INE040H01021
Swan Corp Limited,Commodities,SWANCORP,INE665A01038
SWARAJ ENGINES LTD.,Industrials,SWARAJENG,INE277A01016
SWIGGY LIMITED,Consumer Discretionary,SWIGGY,INE00H001014
SYMPHONY LIMITED,Consumer Discretionary,SYMPHONY,INE225D01027
Syngene International Limited,Healthcare,SYNGENE,INE398R01022
Syrma SGS Technology Limited,Industrials,SYRMA,INE0DYJ01015
T D POWER SYSTEMS LTD.,Industrials,TDPOWERSYS,INE419M01027
TAJGVK HOTELS & RESORTS LTD.,Consumer Discretionary,TAJGVK,INE586B01026
Tamilnad Mercantile Bank Limit,Financial Services,TMB,INE668A01016
TANFAC INDUSTRIES LTD.,Commodities,TANFACIND,INE639B01023
TANLA PLATFORMS LIMITED,Information Technology,TANLA,INE483C01032
TARC LIMITED,Consumer Discretionary,TARC,INE0EK901012
TASTY BITE EATABLES LTD.,Fast Moving Consumer Goods,TASTYBITE,INE488B01017
Tata Capital Limited,Financial Services,TATACAP,INE976I01016
TATA CHEMICALS LTD.,Commodities,TATACHEM,INE092A01019
SUN TV NETWORK LTD.,Consumer Discretionary,SUNTV,INE424H01027
SUN PHARMA ADVANCED RESEARCH C,Healthcare,SPARC,INE232I01014
SKF INDIA LIMITED,Consumer Discretionary,SKFINDIA,INE640A01023
SUMITOMO CHEMICAL INDIA LIMITE,Commodities,SUMICHEM,INE258G01013
SKIPPER LTD,Industrials,SKIPPER,INE439E01022
Sky Gold And Diamonds Limited,Consumer Discretionary,SKYGOLD,INE01IU01018
SMARTWORKS COWORKING SPACES LI,Services,SMARTWORKS,INE0NAZ01010
SML Mahindra Limited,Industrials,SMLMAH,INE294B01019
SOBHA,Consumer Discretionary,SOBHA,INE671H01015
SOLAR INDUSTRIES INDIA LTD.,Commodities,SOLARINDS,INE343H01029
SOLARA ACTIVE PHARMA SCIENCES,Healthcare,SOLARA,INE624Z01016
Sona BLW Precision Forgings Li,Consumer Discretionary,SONACOMS,INE073K01018
SONATA SOFTWARE LTD.,Information Technology,SONATSOFTW,INE269A01021
SOUTH INDIAN BANK LTD.,Financial Services,SOUTHBANK,INE683A01023
SPICEJET LTD.,Services,SPICEJET,INE285B01017
SPR Auto Technologies Limited,Consumer Discretionary,SHRIPISTON,INE526E01018
SRF LTD.,Commodities,SRF,INE647A01010
Sri Lotus Developers and Realt,Consumer Discretionary,LOTUSDEV,INE0V9Q01010
Star Cement Limited,Commodities,STARCEMENT,INE460H01021
Star Health and Allied Insuran,Financial Services,STARHEALTH,INE575P01011
STATE BANK OF INDIA,Financial Services,SBIN,INE062A01020
STEEL AUTHORITY OF INDIA LTD.,Commodities,SAIL,INE114A01011
STEEL STRIPS WHEELS LTD.,Consumer Discretionary,SSWL,INE802C01033
STERLING AND WILSON RENEWABLE,Industrials,SWSOLAR,INE00M201021
STERLITE TECHNOLOGIES LTD.,Telecommunication,STLTECH,INE089C01029
STRIDES PHARMA SCIENCE LIMITED,Healthcare,STAR,INE939A01011
STYLAM INDUSTRIES LIMITED,Consumer Discretionary,STYLAMIND,INE239C01020
Styrenix Performance Materials,Commodities,STYRENIX,INE189B01011
SUBROS LTD.,Industrials,SUBROS,INE287B01021
SUDARSHAN CHEMICAL INDUSTRIES,Commodities,SUDARSCHEM,INE659A01023
Sudeep Pharma Limited,Commodities,SUDEEPPHRM,INE0QPI01025
KEC INTERNATIONAL LTD.,Industrials,KEC,INE389H01022
KDDL LTD.,Consumer Discretionary,KDDL,INE291D01011
KAYNES TECHNOLOGY INDIA LIMITE,Industrials,KAYNES,INE918Z01012
Cello World Limited,Consumer Discretionary,CELLO,INE0LMW01024
CANTABIL RETAIL INDIA LTD.,Consumer Discretionary,CANTABIL,INE068L01024
Capacite Infraprojects Limited,Industrials,CAPACITE,INE264T01014
Capillary Technologies India L,Information Technology,CAPILLARY,INE0ILV01024
CAPLIN POINT LABORATORIES LTD.,Healthcare,CAPLIPOINT,INE475E01026
CAPRI GLOBAL CAPITAL LIMITED,Financial Services,CGCL,INE180C01042
CARBORUNDUM UNIVERSAL LTD.,Industrials,CARBORUNIV,INE120A01034
CARE Ratings Limited,Financial Services,CARERATING,INE752H01013
CarTrade Tech Limited,Consumer Discretionary,CARTRADE,INE290S01011
CARYSIL LIMITED,Consumer Discretionary,CARYSIL,INE482D01024
CASTROL INDIA LTD.,Energy,CASTROLIND,INE172A01027
CCL PRODUCTS (INDIA) LTD.,Fast Moving Consumer Goods,CCL,INE421D01022
CEAT LTD.,Consumer Discretionary,CEATLTD,INE482A01020
Ceigall India Limited,Industrials,CEIGALL,INE0AG901020
Cemindia Projects Limited,Industrials,CEMPRO,INE686A01026
BHARAT ELECTRONICS LTD.,Industrials,BEL,INE263A01024
CENTRAL BANK OF INDIA,Financial Services,CENTRALBK,INE483A01010
CENTURY PLYBOARDS (I) LTD.,Consumer Discretionary,CENTURYPLY,INE348B01021
CERA SANITARYWARE LTD.,Consumer Discretionary,CERA,INE739E01017
CESC LTD.,Utilities,CESC,INE486A01021
CG Power and Industrial Soluti,Industrials,CGPOWER,INE067A01029
Chalet Hotels Limited,Consumer Discretionary,CHALET,INE427F01016
CHAMBAL FERTILISERS & CHEMICAL,Commodities,CHAMBLFERT,INE085A01013
Chemplast Sanmar Limited,Commodities,CHEMPLASTS,INE488A01050
CHENNAI PETROLEUM CORPORATION,Energy,CHENNPETRO,INE178A01016
CHOICE INTERNATIONAL LTD.,Financial Services,CHOICEIN,INE102B01014
CHOLAMANDALAM FINANCIAL HOLDIN,Financial Services,CHOLAHLDNG,INE149A01033
CHOLAMANDALAM INVESTMENT AND F,Financial Services,CHOLAFIN,INE121A01024
CIE Automotive India Limited,Consumer Discretionary,CIEINDIA,INE536H01010
Canara Robeco Asset Management,Financial Services,CRAMC,INE218I01013
Canara HSBC Life Insurance Com,Financial Services,CANHLIFE,INE01TY01017
CANARA BANK,Financial Services,CANBK,INE476A01022
CAN FIN HOMES LTD.,Financial Services,CANFINHOME,INE477A01020
BHARAT HEAVY ELECTRICALS LTD.,Industrials,BHEL,INE257A01026
BHARAT PETROLEUM CORPORATION L,Energy,BPCL,INE029A01011
BHARTI AIRTEL LTD.,Telecommunication,BHARTIARTL,INE397D01024
Bharti Hexacom Limited,Telecommunication,BHARTIHEXA,INE343G01021
Bikaji Foods International Lim,Fast Moving Consumer Goods,BIKAJI,INE00E101023
Billionbrains Garage Ventures,Financial Services,GROWW,INE0HOQ01053
BIOCON LTD.,Healthcare,BIOCON,INE376G01013
BIRLA CORPORATION LTD.,Commodities,BIRLACORPN,INE340A01012
BIRLASOFT LIMITED,Information Technology,BSOFT,INE836A01035
BLACK BOX LIMITED,Information Technology,BBOX,INE676A01027
BlackBuck Limited,Services,BLACKBUCK,INE0UIZ01018
BLS International Services Ltd,Consumer Discretionary,BLS,INE153T01027
BLUE DART EXPRESS LTD.,Services,BLUEDART,INE233B01017
Blue Jet Healthcare Limited,Healthcare,BLUEJET,INE0KBH01020
BLUE STAR LTD.,Consumer Discretionary,BLUESTARCO,INE472A01039
BlueStone Jewellery and Lifest,Consumer Discretionary,BLUESTONE,INE304W01038
BOMBAY DYEING & MFG.CO.LTD.,Consumer Discretionary,BOMDYEING,INE032A01023
Borosil Limited,Consumer Discretionary,BOROLTD,INE02PY01013
BOROSIL RENEWABLES LIMITED,Industrials,BORORENEW,INE666D01022
BOSCH HOME COMFORT INDIA LIMIT,Consumer Discretionary,BOSCH-HCIL,INE782A01015
BOSCH LTD.,Consumer Discretionary,BOSCHLTD,INE323A01026
Brainbees Solutions Limited,Consumer Discretionary,FIRSTCRY,INE02RE01045
BRIGADE ENTERPRISES LTD.,Consumer Discretionary,BRIGADE,INE791I01019
BRITANNIA INDUSTRIES LTD.,Fast Moving Consumer Goods,BRITANNIA,INE216A01030
C.E. Info Systems Limited,Information Technology,MAPMYINDIA,INE0BV301023
Camlin Fine Sciences Ltd,Commodities,CAMLINFINE,INE052I01032
Campus Activewear Limited,Consumer Discretionary,CAMPUS,INE278Y01022
CIPLA LTD.,Healthcare,CIPLA,INE059A01026
CITY UNION BANK LIMITED,Financial Services,CUB,INE491A01021
Clean Science and Technology L,Commodities,CLEAN,INE227W01023
DEEPAK NITRITE LTD.,Commodities,DEEPAKNTR,INE288B01029
Devyani International Limited,Consumer Discretionary,DEVYANI,INE872J01023
DHANUKA AGRITECH LTD.,Commodities,DHANUKA,INE435G01025
DIAMOND POWER INFRASTRUCTURE L,Industrials,DIACABS,INE989C01038
Dilip Buildcon Limited,Industrials,DBL,INE917M01012
Dishman Carbogen Amcis Limited,Healthcare,DCAL,INE385W01011
DIVGI TORQTRANSFER SYSTEMS LIM,Consumer Discretionary,DIVGIITTS,INE753U01022
DIVIS LABORATORIES LTD.,Healthcare,DIVISLAB,INE361B01024
Dixon Technologies (India) Lim,Consumer Discretionary,DIXON,INE935N01020
DLF LTD.,Consumer Discretionary,DLF,INE271C01023
Dodla Dairy Limited,Fast Moving Consumer Goods,DODLA,INE021O01019
DOMS Industries Limited,Fast Moving Consumer Goods,DOMS,INE321T01012
Dr. Agarwal's Health Care Limi,Healthcare,AGARWALEYE,INE943P01029
Dr. Lal Pathlabs Limited,Healthcare,LALPATHLAB,INE600L01024
DR.REDDYS LABORATORIES LTD.,Healthcare,DRREDDY,INE089A01031
DYNAMATIC TECHNOLOGIES LTD.,Industrials,DYNAMATECH,INE221B01012
E.I.D.-PARRY (INDIA) LTD.,Fast Moving Consumer Goods,EIDPARRY,INE126A01031
ECLERX SERVICES LTD.,Services,ECLERX,INE738I01010
EDELWEISS FINANCIAL SERVICES L,Financial Services,EDELWEISS,INE532F01054
EICHER MOTORS LTD.,Consumer Discretionary,EICHERMOT,INE066A01021
EIH ASSOCIATED HOTELS LTD.,Consumer Discretionary,EIHAHOTELS,INE276C01014
EIH LTD.,Consumer Discretionary,EIHOTEL,INE230A01023
ELANTAS BECK INDIA LTD.,Commodities,ELANTAS,INE280B01018
ELECON ENGINEERING CO.LTD.,Industrials,ELECON,INE205B01031
Electronics Mart India Limited,Consumer Discretionary,EMIL,INE02YR01019
ELECTROSTEEL CASTINGS LTD.,Industrials,ELECTCAST,INE086A01029
ELGI EQUIPMENTS LTD.,Industrials,ELGIEQUIP,INE285A01027
ELLENBARRIE INDUSTRIAL GASES L,Commodities,ELLEN,INE236E01022
Delhivery Limited,Services,DELHIVERY,INE148O01028
DEEPAK FERTILISERS & PETROCHEM,Commodities,DEEPAKFERT,INE501A01019
CMS Info Systems Limited,Services,CMSINFO,INE925R01014
DCX Systems Limited,Industrials,DCXINDIA,INE0KL801015
COAL INDIA LTD.,Energy,COALINDIA,INE522F01014
Cochin Shipyard Limited,Industrials,COCHINSHIP,INE704P01025
COFORGE LIMITED,Information Technology,COFORGE,INE591G01025
Cohance Lifesciences Limited,Healthcare,COHANCE,INE03QK01018
COLGATE-PALMOLIVE (INDIA) LTD.,Fast Moving Consumer Goods,COLPAL,INE259A01022
Computer Age Management Servic,Financial Services,CAMS,INE596I01020
Concord Biotech Limited,Healthcare,CONCORDBIO,INE338H01029
CONTAINER CORPORATION OF INDIA,Services,CONCOR,INE111A01025
COROMANDEL INTERNATIONAL LTD.,Commodities,COROMANDEL,INE169A01031
Corona Remedies Limited,Healthcare,CORONA,INE02ZQ01018
Craftsman Automation Limited,Consumer Discretionary,CRAFTSMAN,INE00LO01017
CreditAccess Grameen Ltd.,Financial Services,CREDITACC,INE741K01010
CRISIL LTD.,Financial Services,CRISIL,INE007A01025
CRIZAC LIMITED,Consumer Discretionary,CRIZAC,INE0S4R01014
Crompton Greaves Consumer Elec,Consumer Discretionary,CROMPTON,INE299U01018
CSB Bank Limited,Financial Services,CSBBANK,INE679A01013
CUMMINS INDIA LTD.,Industrials,CUMMINSIND,INE298A01020
CUPID LTD.,Fast Moving Consumer Goods,CUPID,INE509F01029
Cyient DLM Limited,Industrials,CYIENTDLM,INE055S01018
CYIENT LIMITED,Information Technology,CYIENT,INE136B01020
D B CORP LTD,Consumer Discretionary,DBCORP,INE950I01011
DABUR INDIA LTD.,Fast Moving Consumer Goods,DABUR,INE016A01026
DALMIA BHARAT LIMITED,Commodities,DALBHARAT,INE00R701025
Data Patterns (India) Limited,Industrials,DATAPATTNS,INE0IX101010
DATAMATICS GLOBAL SERVICES LTD,Information Technology,DATAMATICS,INE365B01017
DCB BANK LIMITED,Financial Services,DCBBANK,INE503A01015
DCM SHRIRAM LIMITED,Diversified,DCMSHRIRAM,INE499A01024
BHARAT FORGE LTD.,Consumer Discretionary,BHARATFORG,INE465A01025
Bharat Dynamics Limited,Industrials,BDL,INE171Z01026
EMBASSY DEVELOPMENTS LIMITED,Consumer Discretionary,EMBDL,INE069I01010
ALKYL AMINES CHEMICALS LTD.,Commodities,ALKYLAMINE,INE150B01039
Aether Industries Limited,Commodities,AETHER,INE0BWX01014
Afcons Infrastructure Limited,Industrials,AFCONS,INE101I01011
AFFLE 3I LIMITED,Information Technology,AFFLE,INE00WC01027
AGI GREENPAC LIMITED,Industrials,AGI,INE415A01038
AHLUWALIA CONTRACTS (INDIA) LT,Industrials,AHLUCONT,INE758C01029
AIA ENGINEERING LTD.,Industrials,AIAENG,INE212H01026
AJANTA PHARMA LTD.,Healthcare,AJANTPHARM,INE031B01049
AJAX Engineering Limited,Industrials,AJAXENGG,INE274Y01021
Akums Drugs and Pharmaceutical,Healthcare,AKUMS,INE09XN01023
ALEMBIC LTD.,Consumer Discretionary,ALEMBICLTD,INE426A01027
ALEMBIC PHARMACEUTICALS LTD.,Healthcare,APLLTD,INE901L01018
ALIVUS LIFE SCIENCES LIMITED,Healthcare,ALIVUS,INE03Q201024
Alkem Laboratories Limited,Healthcare,ALKEM,INE540L01014
Allied Blenders and Distillers,Fast Moving Consumer Goods,ABDL,INE552Z01027
BHARAT BIJLEE LTD.,Industrials,BBL,INE464A01036
ALOK INDUSTRIES LTD.,Consumer Discretionary,ALOKINDS,INE270A01029
Amara Raja Energy & Mobility L,Consumer Discretionary,ARE&M,INE885A01032
Amber Enterprises India Limite,Consumer Discretionary,AMBER,INE371P01015
AMBUJA CEMENTS LTD.,Commodities,AMBUJACEM,INE079A01024
Anand Rathi Wealth Limited,Financial Services,ANANDRATHI,INE463V01026
ANANT RAJ LIMITED,Consumer Discretionary,ANANTRAJ,INE242C01024
ANGEL ONE LIMITED,Financial Services,ANGELONE,INE732I01021
Anthem Biosciences Limited,Healthcare,ANTHEM,INE0CZ201020
APAR INDUSTRIES LTD.,Industrials,APARINDS,INE372A01015
APCOTEX INDUSTRIES LTD.,Industrials,APCOTEXIND,INE116A01032
Apeejay Surrendra Park Hotels,Consumer Discretionary,PARKHOTELS,INE988S01028
APL APOLLO TUBES LTD.,Industrials,APLAPOLLO,INE702C01027
APOLLO HOSPITALS ENTERPRISE LT,Healthcare,APOLLOHOSP,INE437A01024
Aequs Limited,Industrials,AEQUS,INE947N01017
AEGIS VOPAK TERMINALS LIMITED,Energy,AEGISVOPAK,INE0INX01018
AEGIS LOGISTICS LTD.,Energy,AEGISLOG,INE208C01025
Advanced Enzyme Technologies L,Healthcare,ADVENZYMES,INE837H01020
63 Moons Technologies Limited,Information Technology,63MOONS,INE111B01023
Aadhar Housing Finance Limited,Financial Services,AADHARHFC,INE883F01010
AARTI DRUGS LTD.,Healthcare,AARTIDRUGS,INE767A01016
AARTI INDUSTRIES LTD.,Commodities,AARTIIND,INE769A01020
Aarti Pharmalabs Limited,Healthcare,AARTIPHARM,INE0LRU01027
AAVAS Financiers Limited,Financial Services,AAVAS,INE216P01012
ABB INDIA LIMITED,Industrials,ABB,INE117A01022
ABBOTT INDIA LTD.,Healthcare,ABBOTINDIA,INE358A01014
ACC LTD.,Commodities,ACC,INE012A01025
ACCELYA SOLUTIONS INDIA LIMITE,Information Technology,ACCELYA,INE793A01012
ACME Solar Holdings Limited,Utilities,ACMESOLAR,INE622W01025
ACTION CONSTRUCTION EQUIPMENT,Industrials,ACE,INE731H01025
ACUTAAS CHEMICALS LIMITED,Healthcare,ACUTAAS,INE00FF01025
Adani Energy Solutions Limited,Utilities,ADANIENSOL,INE931S01010
ADANI ENTERPRISES LTD.,Commodities,ADANIENT,INE423A01024
Adani Green Energy Limited,Utilities,ADANIGREEN,INE364U01010
ADANI PORTS AND SPECIAL ECONOM,Services,ADANIPORTS,INE742F01042
ADANI POWER LTD.,Utilities,ADANIPOWER,INE814H01029
ADANI TOTAL GAS LIMITED,Energy,ATGL,INE399L01023
ADF FOODS LTD.,Fast Moving Consumer Goods,ADFFOODS,INE982B01027
Aditya Birla Capital Ltd,Financial Services,ABCAPITAL,INE674K01013
Aditya Birla Fashion and Retai,Consumer Discretionary,ABFRL,INE647O01011
Aditya Birla Lifestyle Brands,Consumer Discretionary,ABLBL,INE14LE01019
ADITYA BIRLA REAL ESTATE LIMIT,Consumer Discretionary,ABREL,INE055A01016
Aditya Birla Sun Life AMC Limi,Financial Services,ABSLAMC,INE404A01024
Aditya Infotech Limited,Industrials,CPPLUS,INE819V01029
Aditya Vision Limited,Consumer Discretionary,AVL,INE679V01027
Apollo Micro Systems Limited,Industrials,APOLLO,INE713T01028
APOLLO TYRES LTD.,Consumer Discretionary,APOLLOTYRE,INE438A01022
Aptus Value Housing Finance In,Financial Services,APTUS,INE852O01025
AXISCADES TECHNOLOGIES LIMITED,Industrials,AXISCADES,INE555B01013
BAJAJ AUTO LTD.,Consumer Discretionary,BAJAJ-AUTO,INE917I01010
BAJAJ CONSUMER CARE LIMITED,Fast Moving Consumer Goods,BAJAJCON,INE933K01021
BAJAJ ELECTRICALS LTD.,Consumer Discretionary,BAJAJELEC,INE193E01025
BAJAJ FINANCE LIMITED,Financial Services,BAJFINANCE,INE296A01032
BAJAJ FINSERV LTD.,Financial Services,BAJAJFINSV,INE918I01026
BAJAJ HINDUSTHAN SUGAR LIMITED,Fast Moving Consumer Goods,BAJAJHIND,INE306A01021
BAJAJ HOLDINGS & INVESTMENT LT,Financial Services,BAJAJHLDNG,INE118A01012
Bajaj Housing Finance Limited,Financial Services,BAJAJHFL,INE377Y01014
Bajel Projects Limited,Industrials,BAJEL,INE0KQN01018
BALAJI AMINES LTD.,Commodities,BALAMINES,INE050E01027
BALKRISHNA INDUSTRIES LTD.,Consumer Discretionary,BALKRISIND,INE787D01026
BALMER LAWRIE AND COMPANY LIMI,Diversified,BALMLAWRIE,INE164A01016
BALRAMPUR CHINI MILLS LTD,Fast Moving Consumer Goods,BALRAMCHIN,INE119A01028
BALU FORGE INDUSTRIES LIMITED,Industrials,BALUFORGE,INE011E01029
BANCO PRODUCTS (INDIA) LTD.,Consumer Discretionary,BANCOINDIA,INE213C01025
Bandhan Bank Limited,Financial Services,BANDHANBNK,INE545U01014
BANK OF BARODA,Financial Services,BANKBARODA,INE028A01039
BANK OF INDIA,Financial Services,BANKINDIA,INE084A01016
BANK OF MAHARASHTRA,Financial Services,MAHABANK,INE457A01014
Bansal Wire Industries Limited,Industrials,BANSALWIRE,INE0B9K01025
BASF INDIA LTD.,Commodities,BASF,INE373A01013
BATA INDIA LTD.,Consumer Discretionary,BATAINDIA,INE176A01028
BAYER CROPSCIENCE LTD.,Commodities,BAYERCROP,INE462A01022
BELRISE INDUSTRIES LIMITED,Consumer Discretionary,BELRISE,INE894V01022
BEML LTD.,Industrials,BEML,INE258A01024
BERGER PAINTS INDIA LTD.,Consumer Discretionary,BERGEPAINT,INE463A01038
BHANSALI ENGINEERING POLYMERS,Commodities,BEPL,INE922A01025
Azad Engineering Limited,Industrials,AZAD,INE02IJ01035
AXIS BANK LTD.,Financial Services,AXISBANK,INE238A01034
Archean Chemical Industries Li,Commodities,ACI,INE128X01021
AWL AGRI BUSINESS LIMITED,Fast Moving Consumer Goods,AWL,INE699H01024
Artemis Medicare Services Limi,Healthcare,ARTEMISMED,INE025R01021
Arvind Fashions Limited,Consumer Discretionary,ARVINDFASN,INE955V01021
ARVIND LTD.,Consumer Discretionary,ARVIND,INE034A01011
ASAHI INDIA GLASS LTD.,Consumer Discretionary,ASAHIINDIA,INE439A01020
ASHIANA HOUSING LTD.,Consumer Discretionary,ASHIANA,INE365D01021
ASHOK LEYLAND LTD.,Industrials,ASHOKLEY,INE208A01029
ASHOKA BUILDCON LTD.,Industrials,ASHOKA,INE442H01029
ASIAN PAINTS LTD.,Consumer Discretionary,ASIANPAINT,INE021A01026
ASK Automotive Limited,Consumer Discretionary,ASKAUTOLTD,INE491J01022
ASM TECHNOLOGIES LTD.,Information Technology,ASMTEC,INE867C01010
Aster DM Healthcare Limited,Healthcare,ASTERDM,INE914M01019
ASTRA MICROWAVE PRODUCTS LTD.,Industrials,ASTRAMICRO,INE386C01029
ASTRAL LIMITED,Industrials,ASTRAL,INE006I01046
ASTRAZENECA PHARMA INDIA LTD.,Healthcare,ASTRAZEN,INE203A01020
Ather Energy Limited,Consumer Discretionary,ATHERENERG,INE0LEZ01016
Atlanta Electricals Limited,Industrials,ATLANTAELE,INE0Z4F01028
ATUL LTD.,Commodities,ATUL,INE100A01010
AU Small Finance Bank Limited,Financial Services,AUBANK,INE949L01017
AURIONPRO SOLUTIONS LTD.,Information Technology,AURIONPRO,INE132H01018
AUROBINDO PHARMA LTD.,Healthcare,AUROPHARMA,INE406A01037
Authum Investment & Infrastruc,Financial Services,AIIL,INE206F01022
AUTOMOTIVE AXLES LTD.,Consumer Discretionary,AUTOAXLES,INE449A01011
Avalon Technologies Limited,Industrials,AVALON,INE0LCL01028
AVANTI FEEDS LTD.,Fast Moving Consumer Goods,AVANTIFEED,INE871C01038
Avenue Supermarts Limited,Consumer Discretionary,DMART,INE192R01011
AvenuesAI Limited,Financial Services,CCAVENUE,INE483S01020
Awfis Space Solutions Limited,Services,AWFIS,INE108V01019
EMAMI LTD.,Fast Moving Consumer Goods,EMAMILTD,INE548C01032
Emcure Pharmaceuticals Limited,Healthcare,EMCURE,INE168P01015
KAVERI SEED COMPANY LTD.,Fast Moving Consumer Goods,KSCL,INE455I01029
Indigo Paints Limited,Consumer Discretionary,INDIGOPNTS,INE09VQ01012
INDIA GLYCOLS LTD.,Fast Moving Consumer Goods,INDIAGLYCO,INE560A01023
India Pesticides Limited,Commodities,IPL,INE0D6701023
India Shelter Finance Corporat,Financial Services,INDIASHLTR,INE922K01024
INDIA TOURISM DEVELOPMENT CORP,Consumer Discretionary,ITDC,INE353K01014
IndiaMART InterMESH Limited,Consumer Discretionary,INDIAMART,INE933S01016
INDIAN BANK,Financial Services,INDIANB,INE562A01011
Indian Energy Exchange Limited,Financial Services,IEX,INE022Q01020
INDIAN METALS & FERRO ALLOYS L,Commodities,IMFA,INE919H01018
INDIAN OIL CORPORATION LTD.,Energy,IOC,INE242A01010
INDIAN OVERSEAS BANK,Financial Services,IOB,INE565A01014
Indian Railway Catering and To,Consumer Discretionary,IRCTC,INE335Y01020
Indian Railway Finance Corpora,Financial Services,IRFC,INE053F01010
Indian Renewable Energy Develo,Financial Services,IREDA,INE202E01016
INDO COUNT INDUSTRIES LTD.,Consumer Discretionary,ICIL,INE483B01026
HINDUJA GLOBAL SOLUTIONS LTD.,Services,HGS,INE170I01016
INDOCO REMEDIES LTD.,Healthcare,INDOCO,INE873D01024
IndoStar Capital Finance Limit,Financial Services,INDOSTAR,INE896L01010
INDRAPRASTHA GAS LTD.,Energy,IGL,INE203G01027
INDRAPRASTHA MEDICAL CORP.LTD.,Healthcare,INDRAMEDCO,INE681B01017
INDUS TOWERS LIMITED,Telecommunication,INDUSTOWER,INE121J01017
INDUSIND BANK LTD.,Financial Services,INDUSINDBK,INE095A01012
INFO EDGE (INDIA) LTD.,Consumer Discretionary,NAUKRI,INE663F01032
INFOSYS LTD.,Information Technology,INFY,INE009A01021
INGERSOLL-RAND (INDIA) LTD.,Industrials,INGERRAND,INE177A01018
INNOVA CAPTAB LIMITED,Healthcare,INNOVACAP,INE0DUT01020
INOX GREEN ENERGY SERVICES LIM,Services,INOXGREEN,INE510W01014
INOX India Limited,Industrials,INOXINDIA,INE616N01034
Inox Wind Limited,Industrials,INOXWIND,INE066P01011
INDIA CEMENTS LTD.,Commodities,INDIACEM,INE383A01012
Indegene Limited,Healthcare,INDGN,INE065X01017
IMAGICAAWORLD ENTERTAINMENT LI,Consumer Discretionary,IMAGICAA,INE172N01012
IIFL FINANCE LIMITED,Financial Services,IIFL,INE530B01024
HINDUSTAN CONSTRUCTION CO.LTD.,Industrials,HCC,INE549A01026
HINDUSTAN COPPER LTD.,Commodities,HINDCOPPER,INE531E01026
HINDUSTAN FOODS LTD.,Fast Moving Consumer Goods,HNDFDS,INE254N01026
HINDUSTAN OIL EXPLORATION CO.L,Energy,HINDOILEXP,INE345A01011
HINDUSTAN PETROLEUM CORPORATIO,Energy,HINDPETRO,INE094A01015
HINDUSTAN UNILEVER LTD.,Fast Moving Consumer Goods,HINDUNILVR,INE030A01027
HINDUSTAN ZINC LTD.,Commodities,HINDZINC,INE267A01025
Hindware Home Innovation Limit,Consumer Discretionary,HINDWAREAP,INE05AN01011
HITACHI ENERGY INDIA LIMITED,Industrials,POWERINDIA,INE07Y701011
HLE GLASCOAT LIMITED,Industrials,HLEGLAS,INE461D01028
Home First Finance Company Ind,Financial Services,HOMEFIRST,INE481N01025
Honasa Consumer Limited,Fast Moving Consumer Goods,HONASA,INE0J5401028
HONDA INDIA POWER PRODUCTS LIM,Industrials,HONDAPOWER,INE634A01018
HONEYWELL AUTOMATION INDIA LTD,Industrials,HONAUT,INE671A01010
Housing &Urban Development Cor,Financial Services,HUDCO,INE031A01017
HYUNDAI MOTOR INDIA LIMITED,Consumer Discretionary,HYUNDAI,INE0V6F01027
ICICI BANK LTD.,Financial Services,ICICIBANK,INE090A01021
ICICI Lombard General Insuranc,Financial Services,ICICIGI,INE765G01017
ICICI Prudential Asset Managem,Financial Services,ICICIAMC,INE346A01027
ICICI Prudential Life Insuranc,Financial Services,ICICIPRULI,INE726G01019
ICRA LTD.,Financial Services,ICRA,INE725G01011
IDBI BANK LTD.,Financial Services,IDBI,INE008A01015
IDEAFORGE TECHNOLOGY LIMITED,Industrials,IDEAFORGE,INE349Y01013
IDFC FIRST BANK LIMITED,Financial Services,IDFCFIRSTB,INE092T01019
IFB INDUSTRIES LTD.,Consumer Discretionary,IFBIND,INE559A01017
IFCI LTD.,Financial Services,IFCI,INE039A01010
IIFL CAPITAL SERVICES LIMITED,Financial Services,IIFLCAPS,INE489L01022
INSECTICIDES (INDIA) LTD.,Commodities,INSECTICID,INE070I01018
INTELLECT DESIGN ARENA LIMITED,Information Technology,INTELLECT,INE306R01017
InterGlobe Aviation Limited,Services,INDIGO,INE646L01027
JK PAPER LTD.,Commodities,JKPAPER,INE789E01012
JM FINANCIAL LTD.,Financial Services,JMFINANCIL,INE780C01023
JSW CEMENT LIMITED,Commodities,JSWCEMENT,INE718I01012
JSW Dulux Limited,Consumer Discretionary,JSWDULUX,INE133A01011
JSW ENERGY LTD,Utilities,JSWENERGY,INE121E01018
JSW HOLDINGS LIMITED,Financial Services,JSWHL,INE824G01012
JSW Infrastructure Limited,Services,JSWINFRA,INE880J01026
JSW STEEL LTD.,Commodities,JSWSTEEL,INE019A01038
JTEKT India Ltd,Consumer Discretionary,JTEKTINDIA,INE643A01035
JTL INDUSTRIES LIMITED,Industrials,JTLIND,INE391J01032
JUBILANT FOODWORKS LTD,Consumer Discretionary,JUBLFOOD,INE797F01020
Jubilant Ingrevia Limited,Commodities,JUBLINGREA,INE0BY001018
JUBILANT PHARMOVA LIMITED,Healthcare,JUBLPHARMA,INE700A01033
Juniper Hotels Limited,Consumer Discretionary,JUNIPER,INE696F01016
Jupiter Life Line Hospitals Li,Healthcare,JLHL,INE682M01020
JUPITER WAGONS LIMITED,Industrials,JWL,INE209L01016
JUST DIAL LTD.,Consumer Discretionary,JUSTDIAL,INE599M01018
JYOTHY LABS LIMITED,Fast Moving Consumer Goods,JYOTHYLAB,INE668F01031
Jyoti CNC Automation Limited,Industrials,JYOTICNC,INE980O01024
K.P.R.MILL LIMITED,Consumer Discretionary,KPRMILL,INE930H01031
KAJARIA CERAMICS LTD.,Consumer Discretionary,KAJARIACER,INE217B01036
Kalpataru Limited,Consumer Discretionary,KALPATARU,INE227J01012
KALPATARU PROJECTS INTERNATION,Industrials,KPIL,INE220B01022
Kalyan Jewellers India Limited,Consumer Discretionary,KALYANKJIL,INE303R01014
KALYANI STEELS LTD.,Industrials,KSL,INE907A01026
KAMA HOLDINGS LIMITED,Financial Services,KAMAHOLD,INE411F01010
KANSAI NEROLAC PAINTS LTD.,Consumer Discretionary,KANSAINER,INE531A01024
KARNATAKA BANK LTD.,Financial Services,KTKBANK,INE614B01018
JK TYRE & INDUSTRIES LTD.,Consumer Discretionary,JKTYRE,INE573A01042
JK LAKSHMI CEMENT LTD.,Commodities,JKLAKSHMI,INE786A01032
International Gemological Inst,Services,IGIL,INE0Q9301021
Jio Financial Services Limited,Financial Services,JIOFIN,INE758E01017
INVENTURUS KNOWLEDGE SOLUTIONS,Information Technology,IKS,INE115Q01022
IOL CHEMICALS & PHARMACEUTICAL,Healthcare,IOLCP,INE485C01029
ION EXCHANGE (INDIA) LTD.,Utilities,IONEXCHANG,INE570A01022
IPCA LABORATORIES LTD.,Healthcare,IPCALAB,INE571A01038
IRB INFRASTRUCTURE DEVELOPERS,Industrials,IRB,INE821I01022
IRCON International Ltd,Industrials,IRCON,INE962Y01021
ISGEC HEAVY ENGINEERING LTD.,Industrials,ISGEC,INE858B01029
ITC Hotels Limited,Consumer Discretionary,ITCHOTELS,INE379A01028
ITC LTD.,Fast Moving Consumer Goods,ITC,INE154A01025
ITI LTD.,Telecommunication,ITI,INE248A01017
J.K.CEMENT LTD.,Commodities,JKCEMENT,INE823G01014
J.KUMAR INFRAPROJECTS LTD.,Industrials,JKIL,INE576I01022
JAI BALAJI INDUSTRIES LTD.,Commodities,JAIBALAJI,INE091G01026
JAI CORP LTD.,Industrials,JAICORPLTD,INE070D01027
JAIN IRRIGATION SYSTEMS LTD.,Industrials,JISLJALEQS,INE175A01038
Jain Resource Recycling Limite,Commodities,JAINREC,INE0YD401026
JAIPRAKASH POWER VENTURES LIMI,Utilities,JPPOWER,INE351F01018
JAMMU & KASHMIR BANK LTD.,Financial Services,J&KBANK,INE168A01041
JAMNA AUTO INDUSTRIES LTD.,Consumer Discretionary,JAMNAAUTO,INE039C01032
JANA SMALL FINANCE BANK LIMITE,Financial Services,JSFB,INE953L01027
JAYASWAL NECO INDUSTRIES LTD.,Industrials,JAYNECOIND,INE854B01010
JBM AUTO LTD.,Consumer Discretionary,JBMA,INE927D01051
JINDAL POLY FILMS LIMITED,Industrials,JINDALPOLY,INE197D01010
JINDAL SAW LTD.,Industrials,JINDALSAW,INE324A01032
JINDAL STAINLESS LTD.,Commodities,JSL,INE220G01021
JINDAL STEEL LIMITED,Commodities,JINDALSTEL,INE749A01030
JINDAL WORLDWIDE LTD.,Consumer Discretionary,JINDWORLD,INE247D01039
Hindustan Aeronautics Limited,Industrials,HAL,INE066F01020
HINDALCO INDUSTRIES LTD.,Commodities,HINDALCO,INE038A01020
Emmvee Photovoltaic Power Limi,Industrials,EMMVEE,INE1C6T01020
GANESHA ECOSPHERE LTD.,Consumer Discretionary,GANECOS,INE845D01014
Flair Writing Industries Limit,Fast Moving Consumer Goods,FLAIR,INE00Y201027
FORCE MOTORS LTD.,Consumer Discretionary,FORCEMOT,INE451A01017
FORTIS HEALTHCARE LTD.,Healthcare,FORTIS,INE061F01013
FOSECO INDIA LTD.,Commodities,FOSECOIND,INE519A01011
FSN E-Commerce Ventures Limite,Consumer Discretionary,NYKAA,INE388Y01029
Fujiyama Power Systems Limited,Industrials,UTLSOLAR,INE12UR01024
FUSION FINANCE LIMITED,Financial Services,FUSION,INE139R01012
G R Infraprojects Limited,Industrials,GRINFRA,INE201P01022
GABRIEL INDIA LTD.,Consumer Discretionary,GABRIEL,INE524A01029
GAIL (INDIA) LTD.,Energy,GAIL,INE129A01019
Galaxy Surfactants Limited,Commodities,GALAXYSURF,INE600K01018
GALLANTT ISPAT LIMITED,Industrials,GALLANTT,INE297H01019
GANESH HOUSING LIMITED,Consumer Discretionary,GANESHHOU,INE460C01014
Garden Reach Shipbuilders & En,Industrials,GRSE,INE382Z01011
Himadri Speciality Chemical Lt,Commodities,HSCL,INE019C01026
GARWARE HI-TECH FILMS LIMITED,Industrials,GRWRHITECH,INE291A01017
GARWARE TECHNICAL FIBRES LIMIT,Consumer Discretionary,GARFIBRES,INE276A01018
Gateway Distriparks Limited,Services,GATEWAY,INE079J01017
GE Vernova T&D India Limited,Industrials,GVT&D,INE200A01026
General Insurance Corporation,Financial Services,GICRE,INE481Y01014
Geojit Financial Services Limi,Financial Services,GEOJITFSL,INE007B01023
GHCL LTD.,Commodities,GHCL,INE539A01019
GILLETTE INDIA LTD.,Fast Moving Consumer Goods,GILLETTE,INE322A01010
Gland Pharma Limited,Healthcare,GLAND,INE068V01023
GLAXOSMITHKLINE PHARMACEUTICAL,Healthcare,GLAXO,INE159A01016
GLENMARK PHARMACEUTICALS LTD.,Healthcare,GLENMARK,INE935A01035
Global Health Limited,Healthcare,MEDANTA,INE474Q01031
GLOBUS SPIRITS LTD.,Fast Moving Consumer Goods,GLOBUSSPR,INE615I01010
Five-Star Business Finance Ltd,Financial Services,FIVESTAR,INE128S01021
FISCHER MEDICAL VENTURES LIMIT,Healthcare,FISCHER,INE771F01041
FIRSTSOURCE SOLUTIONS LTD.,Services,FSL,INE684F01012
FINOLEX INDUSTRIES LTD.,Industrials,FINPIPE,INE183A01024
EMS LIMITED,Utilities,EMSLIMITED,INE0OV601013
eMudhra Limited,Information Technology,EMUDHRA,INE01QM01018
Endurance Technologies Limited,Consumer Discretionary,ENDURANCE,INE913H01037
ENGINEERS INDIA LTD.,Industrials,ENGINERSIN,INE510A01028
Entero Healthcare Solutions Li,Consumer Discretionary,ENTERO,INE010601016
ENVIRO INFRA ENGINEERS LIMITED,Utilities,EIEL,INE0LLY01014
EPACK Durable Limited,Consumer Discretionary,EPACK,INE0G5901015
Epigral Limited,Commodities,EPIGRAL,INE071N01016
EPL LIMITED,Industrials,EPL,INE255A01020
Equitas Small Finance Bank Lim,Financial Services,EQUITASBNK,INE063P01018
Eris Lifesciences Limited,Healthcare,ERIS,INE406M01024
ESAB INDIA LTD.,Industrials,ESABINDIA,INE284A01012
Escorts Kubota Limited,Industrials,ESCORTS,INE042A01014
Eternal Limited,Consumer Discretionary,ETERNAL,INE758T01015
ETHOS LIMITED,Consumer Discretionary,ETHOSLTD,INE04TZ01018
Eureka Forbes Limited,Consumer Discretionary,EUREKAFORB,INE0KCE01017
EVEREADY INDUSTRIES INDIA LTD.,Fast Moving Consumer Goods,EVEREADY,INE128A01029
EXIDE INDUSTRIES LTD.,Consumer Discretionary,EXIDEIND,INE302A01020
FDC LTD.,Healthcare,FDC,INE258B01022
Fedbank Financial Services Lim,Financial Services,FEDFINA,INE007N01010
FEDERAL BANK LTD.,Financial Services,FEDERALBNK,INE171A01029
FEDERAL-MOGUL GOETZE (INDIA) L,Consumer Discretionary,FMGOETZE,INE529A01010
FIEM INDUSTRIES LTD.,Consumer Discretionary,FIEMIND,INE737H01014
FILATEX INDIA LTD.,Consumer Discretionary,FILATEX,INE816B01035
Fine Organic Industries Limite,Commodities,FINEORG,INE686Y01026
FINEOTEX CHEMICAL LTD.,Commodities,FCL,INE045J01034
FINOLEX CABLES LTD.,Industrials,FINCABLES,INE235A01022
GMM PFAUDLER LTD.,Industrials,GMMPFAUDLR,INE541A01023
GMR Airports Limited,Services,GMRAIRPORT,INE776C01039
GMR Power and Urban Infra Limi,Utilities,GMRP&UI,INE0CU601026
GUJARAT INDUSTRIES POWER CO.LT,Utilities,GIPCL,INE162A01010
GUJARAT NARMADA VALLEY FERTILI,Commodities,GNFC,INE113A01013
GUJARAT PIPAVAV PORT LTD.,Services,GPPL,INE517F01014
GUJARAT STATE FERTILIZERS & CH,Commodities,GSFC,INE026A01025
GULF OIL LUBRICANTS INDIA LTD,Energy,GULFOILLUB,INE635Q01029
H.G. Infra Engineering Limited,Industrials,HGINFRA,INE926X01010
Happiest Minds Technologies Li,Information Technology,HAPPSTMNDS,INE419U01012
Happy Forgings Limited,Industrials,HAPPYFORGE,INE330T01021
Harsha Engineers International,Industrials,HARSHA,INE0JUS01029
HATHWAY CABLE & DATACOM LTD,Consumer Discretionary,HATHWAY,INE982F01036
HATSUN AGRO PRODUCT LTD.,Fast Moving Consumer Goods,HATSUN,INE473B01035
HAVELLS INDIA LTD.,Consumer Discretionary,HAVELLS,INE176B01034
HAWKINS COOKERS LTD.,Consumer Discretionary,HAWKINCOOK,INE979B01015
HBL ENGINEERING LIMITED,Industrials,HBLENGINE,INE292B01021
HCL TECHNOLOGIES LTD.,Information Technology,HCLTECH,INE860A01027
HDB FINANCIAL SERVICES LIMITED,Financial Services,HDBFS,INE756I01012
HDFC Asset Management Company,Financial Services,HDFCAMC,INE127D01025
HDFC BANK LTD.,Financial Services,HDFCBANK,INE040A01034
HDFC LIFE INSURANCE COMPANY LI,Financial Services,HDFCLIFE,INE795G01014
HealthCare Global Enterprises,Healthcare,HCG,INE075I01017
HEG LTD.,Industrials,HEG,INE545A01024
HEIDELBERGCEMENT INDIA LTD.,Commodities,HEIDELBERG,INE578A01017
Hemisphere Properties India Li,Services,HEMIPROP,INE0AJG01018
HERITAGE FOODS LIMITED,Fast Moving Consumer Goods,HERITGFOOD,INE978A01027
HERO MOTOCORP LTD.,Consumer Discretionary,HEROMOTOCO,INE158A01026
Hexaware Technologies Limited,Information Technology,HEXT,INE093A01041
HFCL LIMITED,Telecommunication,HFCL,INE548A01028
HIKAL LTD.,Healthcare,HIKAL,INE475B01022
GUJARAT MINERAL DEVELOPMENT CO,Commodities,GMDCLTD,INE131A01031
Gujarat Fluorochemicals Limite,Commodities,FLUOROCHEM,INE09N301011
Go Digit General Insurance Lim,Financial Services,GODIGIT,INE03JT01014
Gujarat Energy Limited,Energy,GUJENERGY,INE844O01030
Go Fashion (India) Limited,Consumer Discretionary,GOCOLORS,INE0BJS01011
GODAWARI POWER & ISPAT LTD.,Industrials,GPIL,INE177H01039
GODFREY PHILLIPS INDIA LTD.,Fast Moving Consumer Goods,GODFRYPHLP,INE260B01028
Godrej Agrovet Limited,Fast Moving Consumer Goods,GODREJAGRO,INE850D01014
GODREJ CONSUMER PRODUCTS LTD.,Fast Moving Consumer Goods,GODREJCP,INE102D01028
GODREJ INDUSTRIES LTD.,Diversified,GODREJIND,INE233A01035
GODREJ PROPERTIES LTD,Consumer Discretionary,GODREJPROP,INE484J01027
GOKALDAS EXPORTS LTD.,Consumer Discretionary,GOKEX,INE887G01027
Gokul Agro Resources Ltd,Fast Moving Consumer Goods,GOKULAGRO,INE314T01033
GOLDIAM INTERNATIONAL LTD.,Consumer Discretionary,GOLDIAM,INE025B01025
Goodluck India Limited,Industrials,GOODLUCK,INE127I01024
GOODYEAR INDIA LTD.,Consumer Discretionary,GOODYEAR,INE533A01012
Gopal Snacks Limited,Fast Moving Consumer Goods,GOPAL,INE0L9R01028
GRANULES INDIA LTD.,Healthcare,GRANULES,INE101D01020
GRAPHITE INDIA LTD.,Industrials,GRAPHITE,INE371A01025
GRASIM INDUSTRIES LTD.,Commodities,GRASIM,INE047A01021
GRAUER & WEIL (INDIA) LTD.,Commodities,GRAUWEIL,INE266D01021
GRAVITA INDIA LTD.,Commodities,GRAVITA,INE024L01027
GREAT EASTERN SHIPPING CO.LTD.,Services,GESHIP,INE017A01032
GREAVES COTTON LTD.,Industrials,GREAVESCOT,INE224A01026
Greenlam Industries Ltd,Consumer Discretionary,GREENLAM,INE544R01021
Greenpanel Industries Limited,Consumer Discretionary,GREENPANEL,INE08ZM01014
GREENPLY INDUSTRIES LTD.,Consumer Discretionary,GREENPLY,INE461C01038
GRINDWELL NORTON LTD.,Industrials,GRINDWELL,INE536A01023
GUFIC BIOSCIENCES LTD.,Healthcare,GUFICBIO,INE742B01025
GUJARAT ALKALIES & CHEMICALS L,Commodities,GUJALKALI,INE186A01019
GUJARAT AMBUJA EXPORTS LTD.,Fast Moving Consumer Goods,GAEL,INE036B01030
ZYDUS WELLNESS LTD.,Fast Moving Consumer Goods,ZYDUSWELL,INE768C01028
