Constituents,Symbol,Macro-Economic Sector
360 ONE WAM LIMITED,542772,Financial Services
3M INDIA LTD.,523395,Diversified
63 Moons Technologies Limited,526881,Information Technology
Aadhar Housing Finance Limited,544176,Financial Services
AARTI DRUGS LTD.,524348,Healthcare
AARTI INDUSTRIES LTD.,524208,Commodities
Aarti Pharmalabs Limited,543748,Healthcare
AAVAS Financiers Limited,541988,Financial Services
ABB INDIA LIMITED,500002,Industrials
ABBOTT INDIA LTD.,500488,Healthcare
ACC LTD.,500410,Commodities
ACCELYA SOLUTIONS INDIA LIMITE,532268,Information Technology
ACME Solar Holdings Limited,544283,Utilities
ACTION CONSTRUCTION EQUIPMENT,532762,Industrials
ACUTAAS CHEMICALS LIMITED,543349,Healthcare
Adani Energy Solutions Limited,539254,Utilities
ADANI ENTERPRISES LTD.,512599,Commodities
Adani Green Energy Limited,541450,Utilities
ADANI PORTS AND SPECIAL ECONOM,532921,Services
ADANI POWER LTD.,533096,Utilities
ADANI TOTAL GAS LIMITED,542066,Energy
ADF FOODS LTD.,519183,Fast Moving Consumer Goods
Aditya Birla Capital Ltd,540691,Financial Services
Aditya Birla Fashion and Retai,535755,Consumer Discretionary
Aditya Birla Lifestyle Brands,544403,Consumer Discretionary
ADITYA BIRLA REAL ESTATE LIMIT,500040,Consumer Discretionary
Aditya Birla Sun Life AMC Limi,543374,Financial Services
Aditya Infotech Limited,544466,Industrials
Aditya Vision Limited,540205,Consumer Discretionary
Advanced Enzyme Technologies L,540025,Healthcare
AEGIS LOGISTICS LTD.,500003,Energy
AEGIS VOPAK TERMINALS LIMITED,544407,Energy
Aequs Limited,544634,Industrials
Aether Industries Limited,543534,Commodities
Afcons Infrastructure Limited,544280,Industrials
AFFLE 3I LIMITED,542752,Information Technology
AGI GREENPAC LIMITED,500187,Industrials
AHLUWALIA CONTRACTS (INDIA) LT,532811,Industrials
AIA ENGINEERING LTD.,532683,Industrials
AJANTA PHARMA LTD.,532331,Healthcare
AJAX Engineering Limited,544356,Industrials
Akums Drugs and Pharmaceutical,544222,Healthcare
ALEMBIC LTD.,506235,Consumer Discretionary
ALEMBIC PHARMACEUTICALS LTD.,533573,Healthcare
ALIVUS LIFE SCIENCES LIMITED,543322,Healthcare
Alkem Laboratories Limited,539523,Healthcare
ALKYL AMINES CHEMICALS LTD.,506767,Commodities
Allied Blenders and Distillers,544203,Fast Moving Consumer Goods
ALOK INDUSTRIES LTD.,521070,Consumer Discretionary
Amara Raja Energy & Mobility L,500008,Consumer Discretionary
Amber Enterprises India Limite,540902,Consumer Discretionary
AMBUJA CEMENTS LTD.,500425,Commodities
Anand Rathi Wealth Limited,543415,Financial Services
ANANT RAJ LIMITED,515055,Consumer Discretionary
ANGEL ONE LIMITED,543235,Financial Services
Anthem Biosciences Limited,544449,Healthcare
APAR INDUSTRIES LTD.,532259,Industrials
APCOTEX INDUSTRIES LTD.,523694,Industrials
Apeejay Surrendra Park Hotels,544111,Consumer Discretionary
APL APOLLO TUBES LTD.,533758,Industrials
APOLLO HOSPITALS ENTERPRISE LT,508869,Healthcare
Apollo Micro Systems Limited,540879,Industrials
APOLLO TYRES LTD.,500877,Consumer Discretionary
Aptus Value Housing Finance In,543335,Financial Services
Archean Chemical Industries Li,543657,Commodities
Artemis Medicare Services Limi,542919,Healthcare
Arvind Fashions Limited,542484,Consumer Discretionary
ARVIND LTD.,500101,Consumer Discretionary
ASAHI INDIA GLASS LTD.,515030,Consumer Discretionary
ASHIANA HOUSING LTD.,523716,Consumer Discretionary
ASHOK LEYLAND LTD.,500477,Industrials
ASHOKA BUILDCON LTD.,533271,Industrials
ASIAN PAINTS LTD.,500820,Consumer Discretionary
ASK Automotive Limited,544022,Consumer Discretionary
ASM TECHNOLOGIES LTD.,526433,Information Technology
Aster DM Healthcare Limited,540975,Healthcare
ASTRA MICROWAVE PRODUCTS LTD.,532493,Industrials
ASTRAL LIMITED,532830,Industrials
ASTRAZENECA PHARMA INDIA LTD.,506820,Healthcare
Ather Energy Limited,544397,Consumer Discretionary
Atlanta Electricals Limited,544527,Industrials
ATUL LTD.,500027,Commodities
AU Small Finance Bank Limited,540611,Financial Services
AURIONPRO SOLUTIONS LTD.,532668,Information Technology
AUROBINDO PHARMA LTD.,524804,Healthcare
Authum Investment & Infrastruc,539177,Financial Services
AUTOMOTIVE AXLES LTD.,505010,Consumer Discretionary
Avalon Technologies Limited,543896,Industrials
AVANTI FEEDS LTD.,512573,Fast Moving Consumer Goods
Avenue Supermarts Limited,540376,Consumer Discretionary
AvenuesAI Limited,539807,Financial Services
Awfis Space Solutions Limited,544181,Services
AWL AGRI BUSINESS LIMITED,543458,Fast Moving Consumer Goods
AXIS BANK LTD.,532215,Financial Services
AXISCADES TECHNOLOGIES LIMITED,532395,Industrials
Azad Engineering Limited,544061,Industrials
BAJAJ AUTO LTD.,532977,Consumer Discretionary
BAJAJ CONSUMER CARE LIMITED,533229,Fast Moving Consumer Goods
BAJAJ ELECTRICALS LTD.,500031,Consumer Discretionary
BAJAJ FINANCE LIMITED,500034,Financial Services
BAJAJ FINSERV LTD.,532978,Financial Services
BAJAJ HINDUSTHAN SUGAR LIMITED,500032,Fast Moving Consumer Goods
BAJAJ HOLDINGS & INVESTMENT LT,500490,Financial Services
Bajaj Housing Finance Limited,544252,Financial Services
Bajel Projects Limited,544042,Industrials
BALAJI AMINES LTD.,530999,Commodities
BALKRISHNA INDUSTRIES LTD.,502355,Consumer Discretionary
BALMER LAWRIE AND COMPANY LIMI,523319,Diversified
BALRAMPUR CHINI MILLS LTD,500038,Fast Moving Consumer Goods
BALU FORGE INDUSTRIES LIMITED,531112,Industrials
BANCO PRODUCTS (INDIA) LTD.,500039,Consumer Discretionary
Bandhan Bank Limited,541153,Financial Services
BANK OF BARODA,532134,Financial Services
BANK OF INDIA,532149,Financial Services
BANK OF MAHARASHTRA,532525,Financial Services
Bansal Wire Industries Limited,544209,Industrials
BASF INDIA LTD.,500042,Commodities
BATA INDIA LTD.,500043,Consumer Discretionary
BAYER CROPSCIENCE LTD.,506285,Commodities
BELRISE INDUSTRIES LIMITED,544405,Consumer Discretionary
BEML LTD.,500048,Industrials
BERGER PAINTS INDIA LTD.,509480,Consumer Discretionary
BHANSALI ENGINEERING POLYMERS,500052,Commodities
BHARAT BIJLEE LTD.,503960,Industrials
Bharat Dynamics Limited,541143,Industrials
BHARAT ELECTRONICS LTD.,500049,Industrials
BHARAT FORGE LTD.,500493,Consumer Discretionary
BHARAT HEAVY ELECTRICALS LTD.,500103,Industrials
BHARAT PETROLEUM CORPORATION L,500547,Energy
BHARTI AIRTEL LTD.,532454,Telecommunication
Bharti Hexacom Limited,544162,Telecommunication
Bikaji Foods International Lim,543653,Fast Moving Consumer Goods
Billionbrains Garage Ventures,544603,Financial Services
BIOCON LTD.,532523,Healthcare
BIRLA CORPORATION LTD.,500335,Commodities
BIRLASOFT LIMITED,532400,Information Technology
BLACK BOX LIMITED,500463,Information Technology
BlackBuck Limited,544288,Services
BLS International Services Ltd,540073,Consumer Discretionary
BLUE DART EXPRESS LTD.,526612,Services
Blue Jet Healthcare Limited,544009,Healthcare
BLUE STAR LTD.,500067,Consumer Discretionary
BlueStone Jewellery and Lifest,544484,Consumer Discretionary
BOMBAY DYEING & MFG.CO.LTD.,500020,Consumer Discretionary
Borosil Limited,543212,Consumer Discretionary
BOROSIL RENEWABLES LIMITED,502219,Industrials
BOSCH HOME COMFORT INDIA LIMIT,523398,Consumer Discretionary
BOSCH LTD.,500530,Consumer Discretionary
Brainbees Solutions Limited,544226,Consumer Discretionary
BRIGADE ENTERPRISES LTD.,532929,Consumer Discretionary
BRITANNIA INDUSTRIES LTD.,500825,Fast Moving Consumer Goods
C.E. Info Systems Limited,543425,Information Technology
Camlin Fine Sciences Ltd,532834,Commodities
Campus Activewear Limited,543523,Consumer Discretionary
CAN FIN HOMES LTD.,511196,Financial Services
CANARA BANK,532483,Financial Services
Canara HSBC Life Insurance Com,544583,Financial Services
Canara Robeco Asset Management,544580,Financial Services
CANTABIL RETAIL INDIA LTD.,533267,Consumer Discretionary
Capacite Infraprojects Limited,540710,Industrials
Capillary Technologies India L,544614,Information Technology
CAPLIN POINT LABORATORIES LTD.,524742,Healthcare
CAPRI GLOBAL CAPITAL LIMITED,531595,Financial Services
CARBORUNDUM UNIVERSAL LTD.,513375,Industrials
CARE Ratings Limited,534804,Financial Services
CarTrade Tech Limited,543333,Consumer Discretionary
CARYSIL LIMITED,524091,Consumer Discretionary
CASTROL INDIA LTD.,500870,Energy
CCL PRODUCTS (INDIA) LTD.,519600,Fast Moving Consumer Goods
CEAT LTD.,500878,Consumer Discretionary
Ceigall India Limited,544223,Industrials
Cello World Limited,544012,Consumer Discretionary
Cemindia Projects Limited,509496,Industrials
CENTRAL BANK OF INDIA,532885,Financial Services
CENTURY PLYBOARDS (I) LTD.,532548,Consumer Discretionary
CERA SANITARYWARE LTD.,532443,Consumer Discretionary
CESC LTD.,500084,Utilities
CG Power and Industrial Soluti,500093,Industrials
Chalet Hotels Limited,542399,Consumer Discretionary
CHAMBAL FERTILISERS & CHEMICAL,500085,Commodities
Chemplast Sanmar Limited,543336,Commodities
CHENNAI PETROLEUM CORPORATION,500110,Energy
CHOICE INTERNATIONAL LTD.,531358,Financial Services
CHOLAMANDALAM FINANCIAL HOLDIN,504973,Financial Services
CHOLAMANDALAM INVESTMENT AND F,511243,Financial Services
CIE Automotive India Limited,532756,Consumer Discretionary
CIPLA LTD.,500087,Healthcare
CITY UNION BANK LIMITED,532210,Financial Services
Clean Science and Technology L,543318,Commodities
CMS Info Systems Limited,543441,Services
COAL INDIA LTD.,533278,Energy
Cochin Shipyard Limited,540678,Industrials
COFORGE LIMITED,532541,Information Technology
Cohance Lifesciences Limited,543064,Healthcare
COLGATE-PALMOLIVE (INDIA) LTD.,500830,Fast Moving Consumer Goods
Computer Age Management Servic,543232,Financial Services
Concord Biotech Limited,543960,Healthcare
CONTAINER CORPORATION OF INDIA,531344,Services
COROMANDEL INTERNATIONAL LTD.,506395,Commodities
Corona Remedies Limited,544644,Healthcare
Craftsman Automation Limited,543276,Consumer Discretionary
CreditAccess Grameen Ltd.,541770,Financial Services
CRISIL LTD.,500092,Financial Services
CRIZAC LIMITED,544439,Consumer Discretionary
Crompton Greaves Consumer Elec,539876,Consumer Discretionary
CSB Bank Limited,542867,Financial Services
CUMMINS INDIA LTD.,500480,Industrials
CUPID LTD.,530843,Fast Moving Consumer Goods
Cyient DLM Limited,543933,Industrials
CYIENT LIMITED,532175,Information Technology
D B CORP LTD,533151,Consumer Discretionary
DABUR INDIA LTD.,500096,Fast Moving Consumer Goods
DALMIA BHARAT LIMITED,542216,Commodities
Data Patterns (India) Limited,543428,Industrials
DATAMATICS GLOBAL SERVICES LTD,532528,Information Technology
DCB BANK LIMITED,532772,Financial Services
DCM SHRIRAM LIMITED,523367,Diversified
DCX Systems Limited,543650,Industrials
DEEPAK FERTILISERS & PETROCHEM,500645,Commodities
DEEPAK NITRITE LTD.,506401,Commodities
Delhivery Limited,543529,Services
Devyani International Limited,543330,Consumer Discretionary
DHANUKA AGRITECH LTD.,507717,Commodities
DIAMOND POWER INFRASTRUCTURE L,522163,Industrials
Dilip Buildcon Limited,540047,Industrials
Dishman Carbogen Amcis Limited,540701,Healthcare
DIVGI TORQTRANSFER SYSTEMS LIM,543812,Consumer Discretionary
DIVIS LABORATORIES LTD.,532488,Healthcare
Dixon Technologies (India) Lim,540699,Consumer Discretionary
DLF LTD.,532868,Consumer Discretionary
Dodla Dairy Limited,543306,Fast Moving Consumer Goods
DOMS Industries Limited,544045,Fast Moving Consumer Goods
Dr. Agarwal's Health Care Limi,544350,Healthcare
Dr. Lal Pathlabs Limited,539524,Healthcare
DR.REDDYS LABORATORIES LTD.,500124,Healthcare
DYNAMATIC TECHNOLOGIES LTD.,505242,Industrials
E.I.D.-PARRY (INDIA) LTD.,500125,Fast Moving Consumer Goods
ECLERX SERVICES LTD.,532927,Services
EDELWEISS FINANCIAL SERVICES L,532922,Financial Services
EICHER MOTORS LTD.,505200,Consumer Discretionary
EIH ASSOCIATED HOTELS LTD.,523127,Consumer Discretionary
EIH LTD.,500840,Consumer Discretionary
ELANTAS BECK INDIA LTD.,500123,Commodities
ELECON ENGINEERING CO.LTD.,505700,Industrials
Electronics Mart India Limited,543626,Consumer Discretionary
ELECTROSTEEL CASTINGS LTD.,500128,Industrials
ELGI EQUIPMENTS LTD.,522074,Industrials
ELLENBARRIE INDUSTRIAL GASES L,544421,Commodities
EMAMI LTD.,531162,Fast Moving Consumer Goods
EMBASSY DEVELOPMENTS LIMITED,532832,Consumer Discretionary
Emcure Pharmaceuticals Limited,544210,Healthcare
Emmvee Photovoltaic Power Limi,544608,Industrials
EMS LIMITED,543983,Utilities
eMudhra Limited,543533,Information Technology
Endurance Technologies Limited,540153,Consumer Discretionary
ENGINEERS INDIA LTD.,532178,Industrials
Entero Healthcare Solutions Li,544122,Consumer Discretionary
ENVIRO INFRA ENGINEERS LIMITED,544290,Utilities
EPACK Durable Limited,544095,Consumer Discretionary
Epigral Limited,543332,Commodities
EPL LIMITED,500135,Industrials
Equitas Small Finance Bank Lim,543243,Financial Services
Eris Lifesciences Limited,540596,Healthcare
ESAB INDIA LTD.,500133,Industrials
Escorts Kubota Limited,500495,Industrials
Eternal Limited,543320,Consumer Discretionary
ETHOS LIMITED,543532,Consumer Discretionary
Eureka Forbes Limited,543482,Consumer Discretionary
EVEREADY INDUSTRIES INDIA LTD.,531508,Fast Moving Consumer Goods
EXIDE INDUSTRIES LTD.,500086,Consumer Discretionary
FDC LTD.,531599,Healthcare
Fedbank Financial Services Lim,544027,Financial Services
FEDERAL BANK LTD.,500469,Financial Services
FEDERAL-MOGUL GOETZE (INDIA) L,505744,Consumer Discretionary
FIEM INDUSTRIES LTD.,532768,Consumer Discretionary
FILATEX INDIA LTD.,526227,Consumer Discretionary
Fine Organic Industries Limite,541557,Commodities
FINEOTEX CHEMICAL LTD.,533333,Commodities
FINOLEX CABLES LTD.,500144,Industrials
FINOLEX INDUSTRIES LTD.,500940,Industrials
FIRSTSOURCE SOLUTIONS LTD.,532809,Services
FISCHER MEDICAL VENTURES LIMIT,524743,Healthcare
Five-Star Business Finance Ltd,543663,Financial Services
Flair Writing Industries Limit,544030,Fast Moving Consumer Goods
FORCE MOTORS LTD.,500033,Consumer Discretionary
FORTIS HEALTHCARE LTD.,532843,Healthcare
FOSECO INDIA LTD.,500150,Commodities
FSN E-Commerce Ventures Limite,543384,Consumer Discretionary
Fujiyama Power Systems Limited,544613,Industrials
FUSION FINANCE LIMITED,543652,Financial Services
G R Infraprojects Limited,543317,Industrials
GABRIEL INDIA LTD.,505714,Consumer Discretionary
GAIL (INDIA) LTD.,532155,Energy
Galaxy Surfactants Limited,540935,Commodities
GALLANTT ISPAT LIMITED,532726,Industrials
GANESH HOUSING LIMITED,526367,Consumer Discretionary
GANESHA ECOSPHERE LTD.,514167,Consumer Discretionary
Garden Reach Shipbuilders & En,542011,Industrials
GARWARE HI-TECH FILMS LIMITED,500655,Industrials
GARWARE TECHNICAL FIBRES LIMIT,509557,Consumer Discretionary
Gateway Distriparks Limited,543489,Services
GE Vernova T&D India Limited,522275,Industrials
General Insurance Corporation,540755,Financial Services
Geojit Financial Services Limi,532285,Financial Services
GHCL LTD.,500171,Commodities
GILLETTE INDIA LTD.,507815,Fast Moving Consumer Goods
Gland Pharma Limited,543245,Healthcare
GLAXOSMITHKLINE PHARMACEUTICAL,500660,Healthcare
GLENMARK PHARMACEUTICALS LTD.,532296,Healthcare
Global Health Limited,543654,Healthcare
GLOBUS SPIRITS LTD.,533104,Fast Moving Consumer Goods
GMM PFAUDLER LTD.,505255,Industrials
GMR Airports Limited,532754,Services
GMR Power and Urban Infra Limi,543490,Utilities
Go Digit General Insurance Lim,544179,Financial Services
Go Fashion (India) Limited,543401,Consumer Discretionary
GODAWARI POWER & ISPAT LTD.,532734,Industrials
GODFREY PHILLIPS INDIA LTD.,500163,Fast Moving Consumer Goods
Godrej Agrovet Limited,540743,Fast Moving Consumer Goods
GODREJ CONSUMER PRODUCTS LTD.,532424,Fast Moving Consumer Goods
GODREJ INDUSTRIES LTD.,500164,Diversified
GODREJ PROPERTIES LTD,533150,Consumer Discretionary
GOKALDAS EXPORTS LTD.,532630,Consumer Discretionary
Gokul Agro Resources Ltd,539725,Fast Moving Consumer Goods
GOLDIAM INTERNATIONAL LTD.,526729,Consumer Discretionary
Goodluck India Limited,530655,Industrials
GOODYEAR INDIA LTD.,500168,Consumer Discretionary
Gopal Snacks Limited,544140,Fast Moving Consumer Goods
GRANULES INDIA LTD.,532482,Healthcare
GRAPHITE INDIA LTD.,509488,Industrials
GRASIM INDUSTRIES LTD.,500300,Commodities
GRAUER & WEIL (INDIA) LTD.,505710,Commodities
GRAVITA INDIA LTD.,533282,Commodities
GREAT EASTERN SHIPPING CO.LTD.,500620,Services
GREAVES COTTON LTD.,501455,Industrials
Greenlam Industries Ltd,538979,Consumer Discretionary
Greenpanel Industries Limited,542857,Consumer Discretionary
GREENPLY INDUSTRIES LTD.,526797,Consumer Discretionary
GRINDWELL NORTON LTD.,506076,Industrials
GSPL Transmission Limited,544801,-
GUFIC BIOSCIENCES LTD.,509079,Healthcare
GUJARAT ALKALIES & CHEMICALS L,530001,Commodities
GUJARAT AMBUJA EXPORTS LTD.,524226,Fast Moving Consumer Goods
Gujarat Energy Limited,539336,Energy
Gujarat Fluorochemicals Limite,542812,Commodities
GUJARAT INDUSTRIES POWER CO.LT,517300,Utilities
GUJARAT MINERAL DEVELOPMENT CO,532181,Commodities
GUJARAT NARMADA VALLEY FERTILI,500670,Commodities
GUJARAT PIPAVAV PORT LTD.,533248,Services
GUJARAT STATE FERTILIZERS & CH,500690,Commodities
GULF OIL LUBRICANTS INDIA LTD,538567,Energy
H.G. Infra Engineering Limited,541019,Industrials
Happiest Minds Technologies Li,543227,Information Technology
Happy Forgings Limited,544057,Industrials
Harsha Engineers International,543600,Industrials
HATHWAY CABLE & DATACOM LTD,533162,Consumer Discretionary
HATSUN AGRO PRODUCT LTD.,531531,Fast Moving Consumer Goods
HAVELLS INDIA LTD.,517354,Consumer Discretionary
HAWKINS COOKERS LTD.,508486,Consumer Discretionary
HBL ENGINEERING LIMITED,517271,Industrials
HCL TECHNOLOGIES LTD.,532281,Information Technology
HDB FINANCIAL SERVICES LIMITED,544429,Financial Services
HDFC Asset Management Company,541729,Financial Services
HDFC BANK LTD.,500180,Financial Services
HDFC LIFE INSURANCE COMPANY LI,540777,Financial Services
HealthCare Global Enterprises,539787,Healthcare
HEG LTD.,509631,Industrials
HEIDELBERGCEMENT INDIA LTD.,500292,Commodities
Hemisphere Properties India Li,543242,Services
HERITAGE FOODS LIMITED,519552,Fast Moving Consumer Goods
HERO MOTOCORP LTD.,500182,Consumer Discretionary
Hexaware Technologies Limited,544362,Information Technology
HFCL LIMITED,500183,Telecommunication
HIKAL LTD.,524735,Healthcare
Himadri Speciality Chemical Lt,500184,Commodities
HINDALCO INDUSTRIES LTD.,500440,Commodities
HINDUJA GLOBAL SOLUTIONS LTD.,532859,Services
Hindustan Aeronautics Limited,541154,Industrials
HINDUSTAN CONSTRUCTION CO.LTD.,500185,Industrials
HINDUSTAN COPPER LTD.,513599,Commodities
HINDUSTAN FOODS LTD.,519126,Fast Moving Consumer Goods
HINDUSTAN OIL EXPLORATION CO.L,500186,Energy
HINDUSTAN PETROLEUM CORPORATIO,500104,Energy
HINDUSTAN UNILEVER LTD.,500696,Fast Moving Consumer Goods
HINDUSTAN ZINC LTD.,500188,Commodities
Hindware Home Innovation Limit,542905,Consumer Discretionary
HITACHI ENERGY INDIA LIMITED,543187,Industrials
HLE GLASCOAT LIMITED,522215,Industrials
Home First Finance Company Ind,543259,Financial Services
Honasa Consumer Limited,544014,Fast Moving Consumer Goods
HONDA INDIA POWER PRODUCTS LIM,522064,Industrials
HONEYWELL AUTOMATION INDIA LTD,517174,Industrials
Housing &Urban Development Cor,540530,Financial Services
HYUNDAI MOTOR INDIA LIMITED,544274,Consumer Discretionary
ICICI BANK LTD.,532174,Financial Services
ICICI Lombard General Insuranc,540716,Financial Services
ICICI Prudential Asset Managem,544658,Financial Services
ICICI Prudential Life Insuranc,540133,Financial Services
ICRA LTD.,532835,Financial Services
IDBI BANK LTD.,500116,Financial Services
IDEAFORGE TECHNOLOGY LIMITED,543932,Industrials
IDFC FIRST BANK LIMITED,539437,Financial Services
IFB INDUSTRIES LTD.,505726,Consumer Discretionary
IFCI LTD.,500106,Financial Services
IIFL CAPITAL SERVICES LIMITED,542773,Financial Services
IIFL FINANCE LIMITED,532636,Financial Services
IMAGICAAWORLD ENTERTAINMENT LI,539056,Consumer Discretionary
Indegene Limited,544172,Healthcare
INDIA CEMENTS LTD.,530005,Commodities
INDIA GLYCOLS LTD.,500201,Fast Moving Consumer Goods
India Pesticides Limited,543311,Commodities
India Shelter Finance Corporat,544044,Financial Services
INDIA TOURISM DEVELOPMENT CORP,532189,Consumer Discretionary
IndiaMART InterMESH Limited,542726,Consumer Discretionary
INDIAN BANK,532814,Financial Services
Indian Energy Exchange Limited,540750,Financial Services
INDIAN METALS & FERRO ALLOYS L,533047,Commodities
INDIAN OIL CORPORATION LTD.,530965,Energy
INDIAN OVERSEAS BANK,532388,Financial Services
Indian Railway Catering and To,542830,Consumer Discretionary
Indian Railway Finance Corpora,543257,Financial Services
Indian Renewable Energy Develo,544026,Financial Services
Indigo Paints Limited,543258,Consumer Discretionary
INDO COUNT INDUSTRIES LTD.,521016,Consumer Discretionary
INDOCO REMEDIES LTD.,532612,Healthcare
IndoStar Capital Finance Limit,541336,Financial Services
INDRAPRASTHA GAS LTD.,532514,Energy
INDRAPRASTHA MEDICAL CORP.LTD.,532150,Healthcare
INDUS TOWERS LIMITED,534816,Telecommunication
INDUSIND BANK LTD.,532187,Financial Services
INFO EDGE (INDIA) LTD.,532777,Consumer Discretionary
INFOSYS LTD.,500209,Information Technology
INGERSOLL-RAND (INDIA) LTD.,500210,Industrials
INNOVA CAPTAB LIMITED,544067,Healthcare
INOX GREEN ENERGY SERVICES LIM,543667,Services
INOX India Limited,544046,Industrials
Inox Wind Limited,539083,Industrials
INSECTICIDES (INDIA) LTD.,532851,Commodities
INTELLECT DESIGN ARENA LIMITED,538835,Information Technology
InterGlobe Aviation Limited,539448,Services
International Gemological Inst,544311,Services
INVENTURUS KNOWLEDGE SOLUTIONS,544309,Information Technology
IOL CHEMICALS & PHARMACEUTICAL,524164,Healthcare
ION EXCHANGE (INDIA) LTD.,500214,Utilities
IPCA LABORATORIES LTD.,524494,Healthcare
IRB INFRASTRUCTURE DEVELOPERS,532947,Industrials
IRCON International Ltd,541956,Industrials
ISGEC HEAVY ENGINEERING LTD.,533033,Industrials
ITC Hotels Limited,544325,Consumer Discretionary
ITC LTD.,500875,Fast Moving Consumer Goods
ITI LTD.,523610,Telecommunication
J.K.CEMENT LTD.,532644,Commodities
J.KUMAR INFRAPROJECTS LTD.,532940,Industrials
JAI BALAJI INDUSTRIES LTD.,532976,Commodities
JAI CORP LTD.,512237,Industrials
JAIN IRRIGATION SYSTEMS LTD.,500219,Industrials
Jain Resource Recycling Limite,544537,Commodities
JAIPRAKASH POWER VENTURES LIMI,532627,Utilities
JAMMU & KASHMIR BANK LTD.,532209,Financial Services
JAMNA AUTO INDUSTRIES LTD.,520051,Consumer Discretionary
JANA SMALL FINANCE BANK LIMITE,544118,Financial Services
JAYASWAL NECO INDUSTRIES LTD.,522285,Industrials
JBM AUTO LTD.,532605,Consumer Discretionary
JINDAL POLY FILMS LIMITED,500227,Industrials
JINDAL SAW LTD.,500378,Industrials
JINDAL STAINLESS LTD.,532508,Commodities
JINDAL STEEL LIMITED,532286,Commodities
JINDAL WORLDWIDE LTD.,531543,Consumer Discretionary
Jio Financial Services Limited,543940,Financial Services
JK LAKSHMI CEMENT LTD.,500380,Commodities
JK PAPER LTD.,532162,Commodities
JK TYRE & INDUSTRIES LTD.,530007,Consumer Discretionary
JM FINANCIAL LTD.,523405,Financial Services
JSW CEMENT LIMITED,544480,Commodities
JSW Dulux Limited,500710,Consumer Discretionary
JSW ENERGY LTD,533148,Utilities
JSW HOLDINGS LIMITED,532642,Financial Services
JSW Infrastructure Limited,543994,Services
JSW STEEL LTD.,500228,Commodities
JTEKT India Ltd,520057,Consumer Discretionary
JTL INDUSTRIES LIMITED,534600,Industrials
JUBILANT FOODWORKS LTD,533155,Consumer Discretionary
Jubilant Ingrevia Limited,543271,Commodities
JUBILANT PHARMOVA LIMITED,530019,Healthcare
Juniper Hotels Limited,544129,Consumer Discretionary
Jupiter Life Line Hospitals Li,543980,Healthcare
JUPITER WAGONS LIMITED,533272,Industrials
JUST DIAL LTD.,535648,Consumer Discretionary
JYOTHY LABS LIMITED,532926,Fast Moving Consumer Goods
Jyoti CNC Automation Limited,544081,Industrials
K.P.R.MILL LIMITED,532889,Consumer Discretionary
KAJARIA CERAMICS LTD.,500233,Consumer Discretionary
Kalpataru Limited,544423,Consumer Discretionary
KALPATARU PROJECTS INTERNATION,522287,Industrials
Kalyan Jewellers India Limited,543278,Consumer Discretionary
KALYANI STEELS LTD.,500235,Industrials
KAMA HOLDINGS LIMITED,532468,Financial Services
KANSAI NEROLAC PAINTS LTD.,500165,Consumer Discretionary
KARNATAKA BANK LTD.,532652,Financial Services
KAVERI SEED COMPANY LTD.,532899,Fast Moving Consumer Goods
KAYNES TECHNOLOGY INDIA LIMITE,543664,Industrials
KDDL LTD.,532054,Consumer Discretionary
KEC INTERNATIONAL LTD.,532714,Industrials
KEI INDUSTRIES LTD.,517569,Industrials
KENNAMETAL INDIA LTD.,505890,Industrials
KEWAL KIRAN CLOTHING LTD.,532732,Consumer Discretionary
Keystone Realtors Limited,543669,Consumer Discretionary
KFin Technologies Limited,543720,Financial Services
Kingfa Science & Technology (I,524019,Industrials
KIOCL Limited,540680,Commodities
KIRI INDUSTRIES LTD.,532967,Commodities
KIRLOSKAR BROTHERS LTD.,500241,Industrials
KIRLOSKAR FERROUS INDUSTRIES L,500245,Commodities
KIRLOSKAR INDUSTRIES LTD,500243,Industrials
KIRLOSKAR OIL ENGINES LTD.,533293,Industrials
KIRLOSKAR PNEUMATIC CO.LTD.,505283,Industrials
KITEX GARMENTS LTD.,521248,Consumer Discretionary
Knowledge Marine & Engineering,543273,Services
KNR CONSTRUCTIONS LTD.,532942,Industrials
KOLTE-PATIL DEVELOPERS LTD.,532924,Consumer Discretionary
KOTAK MAHINDRA BANK LTD.,500247,Financial Services
KOVAI MEDICAL CENTER & HOSPITA,523323,Healthcare
KPI Green Energy Limited,542323,Utilities
KPIT Technologies Ltd,542651,Information Technology
KRBL LTD.,530813,Fast Moving Consumer Goods
Krishna Institute of Medical S,543308,Healthcare
KRN HEAT EXCHANGER AND REFRIGE,544263,Industrials
Krsnaa Diagnostics Limited,543328,Healthcare
KSB LIMITED,500249,Industrials
L&T Finance Limited,533519,Financial Services
L&T Technology Services Limite,540115,Information Technology
L.G.BALAKRISHNAN & BROS.LTD.,500250,Consumer Discretionary
LA OPALA RG LTD.,526947,Consumer Discretionary
LANDMARK CARS LIMITED,543714,Consumer Discretionary
LARSEN & TOUBRO LTD.,500510,Industrials
Latent View Analytics Limited,543398,Information Technology
Laurus Labs Limited,540222,Healthcare
Laxmi Organic Industries Limit,543277,Commodities
Le Travenues Technology Limite,544192,Consumer Discretionary
Leela Palaces Hotels & Resorts,544408,Consumer Discretionary
Lemon Tree Hotels Limited,541233,Consumer Discretionary
Lenskart Solutions Limited,544600,Consumer Discretionary
LG Electronics India Limited,544576,Consumer Discretionary
LIC HOUSING FINANCE LTD.,500253,Financial Services
LIFE INSURANCE CORPORATION OF,543526,Financial Services
Linde India Limited,523457,Commodities
LLOYDS ENGINEERING WORKS LIMIT,539992,Industrials
LLOYDS ENTERPRISES LIMITED,512463,Commodities
LLOYDS METALS AND ENERGY LTD.,512455,Commodities
LMW Limited,500252,Industrials
Lodha Developers Limited,543287,Consumer Discretionary
LT FOODS LTD.,532783,Fast Moving Consumer Goods
LTM LIMITED,540005,Information Technology
LUMAX AUTO TECHNOLOGIES LTD.,532796,Consumer Discretionary
LUMAX INDUSTRIES LTD.,517206,Consumer Discretionary
LUPIN LTD.,500257,Healthcare
Mahanagar Gas Limited,539957,Energy
MAHANAGAR TELEPHONE NIGAM LTD.,500108,Telecommunication
MAHARASHTRA SCOOTERS LTD.,500266,Financial Services
MAHARASHTRA SEAMLESS LTD.,500265,Industrials
MAHINDRA & MAHINDRA FINANCIAL,532720,Financial Services
MAHINDRA & MAHINDRA LTD.,500520,Consumer Discretionary
MAHINDRA HOLIDAYS & RESORTS IN,533088,Consumer Discretionary
MAHINDRA LIFESPACE DEVELOPERS,532313,Consumer Discretionary
Mahindra Logistics Limited,540768,Services
MAN INFRACONSTRUCTION LTD.,533169,Consumer Discretionary
Manappuram Finance Ltd,531213,Financial Services
MANGALORE REFINERY & PETROCHEM,500109,Energy
Mankind Pharma Limited,543904,Healthcare
Manorama Industries Limited,541974,Fast Moving Consumer Goods
MARICO LTD.,531642,Fast Moving Consumer Goods
MARKSANS PHARMA LTD.,524404,Healthcare
MARUTI SUZUKI INDIA LTD.,532500,Consumer Discretionary
MAS Financial Services Limited,540749,Financial Services
MASTEK LTD.,523704,Information Technology
Max Estates Limited,544008,Consumer Discretionary
Max Financial Services Limited,500271,Financial Services
Max Healthcare Institute Limit,543220,Healthcare
MAYUR UNIQUOTERS LTD.,522249,Consumer Discretionary
Mazagon Dock Shipbuilders Limi,543237,Industrials
Medi Assist Healthcare Service,544088,Financial Services
Medplus Health Services Limite,543427,Consumer Discretionary
Meesho Limited,544632,Consumer Discretionary
Metro Brands Limited,543426,Consumer Discretionary
Metropolis Healthcare Limited,542650,Healthcare
Midwest Limited,544587,Consumer Discretionary
Minda Corporation Limited,538962,Consumer Discretionary
Mishra Dhatu Nigam Limited,541195,Industrials
MMTC LTD.,513377,Services
MOIL LTD.,533286,Commodities
MOLD-TEK PACKAGING LIMITED,533080,Industrials
MOREPEN LABORATORIES LTD.,500288,Healthcare
Motherson Sumi Wiring India Li,543498,Consumer Discretionary
MOTILAL OSWAL FINANCIAL SERVIC,532892,Financial Services
MPHASIS LTD.,526299,Information Technology
MPS LTD.,532440,Consumer Discretionary
MRF LTD.,500290,Consumer Discretionary
Mrs. Bectors Food Specialities,543253,Fast Moving Consumer Goods
MSTC Limited,542597,Services
MTAR Technologies Limited,543270,Industrials
MUKAND LTD.,500460,Industrials
MULTI COMMODITY EXCHANGE OF IN,534091,Financial Services
MUTHOOT FINANCE LTD.,533398,Financial Services
Muthoot Microfin Limited,544055,Financial Services
NACL Industries Limited,524709,Commodities
Narayana Hrudayalaya Limited,539551,Healthcare
NATCO PHARMA LTD.,524816,Healthcare
NATIONAL ALUMINIUM CO.LTD.,532234,Commodities
NATIONAL FERTILIZERS LTD.,523630,Commodities
National Securities Depository,544467,Financial Services
NAVA LIMITED,513023,Utilities
NAVIN FLUORINE INTERNATIONAL L,532504,Commodities
NAVNEET EDUCATION LIMITED,508989,Fast Moving Consumer Goods
Nazara Technologies Limited,543280,Consumer Discretionary
NBCC (India) Limited,534309,Industrials
NCC LIMITED,500294,Industrials
Neogen Chemicals Limited,542665,Commodities
Nephrocare Health Services Lim,544647,Healthcare
NESCO LTD.,505355,Services
NESTLE INDIA LTD.,500790,Fast Moving Consumer Goods
NETWEB TECHNOLOGIES INDIA LIMI,543945,Information Technology
NETWORK18 MEDIA & INVESTMENTS,532798,Consumer Discretionary
NEULAND LABORATORIES LTD.,524558,Healthcare
Newgen Software Technologies L,540900,Information Technology
NHPC LTD.,533098,Utilities
NIIT Learning Systems Limited,543952,Consumer Discretionary
NILKAMAL LTD.,523385,Consumer Discretionary
NIPPON LIFE INDIA ASSET MANAGE,540767,Financial Services
NIRLON LTD.,500307,Services
NITIN SPINNERS LTD.,532698,Consumer Discretionary
NIVA BUPA HEALTH INSURANCE COM,544286,Financial Services
NLC India Limited,513683,Utilities
NMDC LTD.,526371,Commodities
NMDC Steel Limited,543768,Commodities
NOCIL LTD.,500730,Commodities
NOVARTIS INDIA LTD.,500672,Healthcare
NRB BEARINGS LTD.,530367,Consumer Discretionary
NTPC GREEN ENERGY LIMITED,544289,Utilities
NTPC LTD.,532555,Utilities
NUCLEUS SOFTWARE EXPORTS LTD.,531209,Information Technology
Nuvama Wealth Management Limit,543988,Financial Services
Nuvoco Vistas Corporation Limi,543334,Commodities
OBEROI REALTY LTD.,533273,Consumer Discretionary
OIL AND NATURAL GAS CORPORATIO,500312,Energy
OIL INDIA LTD.,533106,Energy
Ola Electric Mobility Limited,544225,Consumer Discretionary
OLECTRA GREENTECH LIMITED,532439,Consumer Discretionary
One 97 Communications Limited,543396,Financial Services
Onesource Specialty Pharma Lim,544292,Healthcare
OPTIEMUS INFRACOM LTD,530135,Telecommunication
ORACLE FINANCIAL SERVICES SOFT,532466,Information Technology
Orchid Pharma Limited,524372,Healthcare
ORIENT CEMENT LTD,535754,Commodities
Orient Electric Limited,541301,Consumer Discretionary
ORIENTAL HOTELS LTD.,500314,Consumer Discretionary
Orkla India Limited,544595,Fast Moving Consumer Goods
Oswal Pumps Limited,544418,Industrials
P N GADGIL JEWELLERS LIMITED,544256,Consumer Discretionary
P.I.INDUSTRIES LTD.,523642,Commodities
PAGE INDUSTRIES LTD.,532827,Consumer Discretionary
PAISALO DIGITAL LIMITED,532900,Financial Services
Paradeep Phosphates Limited,543530,Commodities
Parag Milk Foods Limited,539889,Fast Moving Consumer Goods
Paras Defence and Space Techno,543367,Industrials
PARK MEDI WORLD LIMITED,544645,Healthcare
Patanjali Foods Limited,500368,Fast Moving Consumer Goods
PATEL ENGINEERING LTD.,531120,Industrials
PB Fintech Limited,543390,Financial Services
PC JEWELLER LTD.,534809,Consumer Discretionary
PCBL Chemical Limited,506590,Commodities
PDS LIMITED,538730,Consumer Discretionary
PEARL GLOBAL INDUSTRIES LIMITE,532808,Consumer Discretionary
PERSISTENT SYSTEMS LTD.,533179,Information Technology
PETRONET LNG LTD.,532522,Energy
PFIZER LTD.,500680,Healthcare
PG ELECTROPLAST LTD.,533581,Consumer Discretionary
Physicswallah Limited,544609,Consumer Discretionary
PICCADILY AGRO INDUSTRIES LTD.,530305,Fast Moving Consumer Goods
PIDILITE INDUSTRIES LTD.,500331,Commodities
Pilani Investment And Industri,539883,Financial Services
Pine Labs Limited,544606,Financial Services
Piramal Finance Limited,544597,Financial Services
PIRAMAL PHARMA LIMITED,543635,Healthcare
PITTI ENGINEERING LIMITED,513519,Industrials
PIX TRANSMISSIONS LTD.,500333,Industrials
PNB Housing Finance Limited,540173,Financial Services
PNC Infratech Limited,539150,Industrials
POKARNA LTD.,532486,Consumer Discretionary
POLY MEDICURE LTD.,531768,Healthcare
Polycab India Limited,542652,Industrials
POLYPLEX CORPORATION LTD.,524051,Industrials
POONAWALLA FINCORP LIMITED,524000,Financial Services
POWER FINANCE CORPORATION LTD.,532810,Financial Services
POWER GRID CORPORATION OF INDI,532898,Utilities
Power Mech Projects Limited,539302,Industrials
PRAJ INDUSTRIES LTD.,522205,Industrials
PRAKASH INDUSTRIES LTD.,506022,Commodities
Prataap Snacks Limited,540724,Fast Moving Consumer Goods
PRECISION WIRES INDIA LTD.,523539,Industrials
Premier Energies Limited,544238,Industrials
PRESTIGE ESTATES PROJECTS LTD.,533274,Consumer Discretionary
Pricol Limited,540293,Consumer Discretionary
PRIME FOCUS LTD.,532748,Consumer Discretionary
Prince Pipes and Fittings Limi,542907,Industrials
PRISM JOHNSON LIMITED.,500338,Commodities
PRIVI SPECIALITY CHEMICALS LIM,530117,Commodities
PROCTER & GAMBLE HEALTH LIMITE,500126,Healthcare
PROCTER & GAMBLE HYGIENE & HEA,500459,Fast Moving Consumer Goods
Prudent Corporate Advisory Ser,543527,Financial Services
PSP Projects Limited,540544,Industrials
PTC INDIA LTD.,532524,Utilities
PTC Industries Ltd.,539006,Industrials
PUNJAB & SIND BANK,533295,Financial Services
PUNJAB NATIONAL BANK,532461,Financial Services
PVR INOX LIMITED,532689,Consumer Discretionary
QUALITY POWER ELECTRICAL EQUIP,544367,Industrials
Quess Corp Limited,539978,Services
R R KABEL LIMITED,543981,Industrials
R SYSTEMS INTERNATIONAL LTD.,532735,Information Technology
RADICO KHAITAN LTD.,532497,Fast Moving Consumer Goods
Rail Vikas Nigam Limited,542649,Industrials
RailTel Corporation of India L,543265,Telecommunication
RAIN INDUSTRIES LIMITED,500339,Commodities
Rainbow Children's Medicare Li,543524,Healthcare
RAJRATAN GLOBAL WIRE LTD.,517522,Consumer Discretionary
RALLIS INDIA LTD.,500355,Commodities
RAMCO INDUSTRIES LTD.,532369,Commodities
RAMKRISHNA FORGINGS LTD.,532527,Consumer Discretionary
RAMKY INFRASTRUCTURE LTD.,533262,Industrials
RASHTRIYA CHEMICALS & FERTILIZ,524230,Commodities
RateGain Travel Technologies L,543417,Information Technology
RATNAMANI METALS & TUBES LTD.,520111,Industrials
RATTANINDIA ENTERPRISES LIMITE,534597,Consumer Discretionary
RATTANINDIA POWER LTD.,533122,Utilities
Raymond Lifestyle Limited,544240,Consumer Discretionary
RAYMOND LTD.,500330,Industrials
RBL Bank Limited,540065,Financial Services
REC LIMITED,532955,Financial Services
Redington Limited,532805,Services
REDTAPE Limited,543957,Consumer Discretionary
REFEX INDUSTRIES LTD.,532884,Utilities
RELAXO FOOTWEARS LTD.,530517,Consumer Discretionary
RELIANCE INDUSTRIES LTD.,500325,Energy
RELIANCE POWER LTD.,532939,Utilities
RELIGARE ENTERPRISES LTD.,532915,Financial Services
REPCO HOME FINANCE LTD.,535322,Financial Services
RESPONSIVE INDUSTRIES LTD.,505509,Consumer Discretionary
Restaurant Brands Asia Limited,543248,Consumer Discretionary
RHI MAGNESITA INDIA LIMITED,534076,Industrials
RITES Limited,541556,Industrials
Rolex Rings Limited,543325,Consumer Discretionary
ROSSARI BIOTECH LIMITED,543213,Commodities
Route Mobile Limited,543228,Telecommunication
RPG LIFE SCIENCES LTD.,532983,Healthcare
RPSG VENTURES LIMITED,542333,Services
RUBICON RESEARCH LIMITED,544578,Healthcare
S H Kelkar and Company Limited,539450,Commodities
S.J.S. Enterprises Limited,543387,Consumer Discretionary
Saatvik Green Energy Limited,544526,Industrials
SAFARI INDUSTRIES (INDIA) LTD.,523025,Consumer Discretionary
SAGAR CEMENTS LTD.,502090,Commodities
Sagility Limited,544282,Information Technology
Sai Life Sciences Limited,544306,Healthcare
Sai Silks (Kalamandir) Limited,543989,Consumer Discretionary
Samhi Hotels Limited,543984,Consumer Discretionary
Sammaan Capital Limited,535789,Financial Services
Samvardhana Motherson Internat,517334,Consumer Discretionary
Sandhar Technologies Limited,541163,Consumer Discretionary
SANDUR MANGANESE & IRON ORES L,504918,Commodities
SANGAM (INDIA) LTD.,514234,Consumer Discretionary
SANGHVI MOVERS LTD.,530073,Services
Sanofi Consumer Healthcare Ind,544250,Healthcare
SANOFI INDIA LTD,500674,Healthcare
Sansera Engineering Limited,543358,Consumer Discretionary
Sapphire Foods India Limited,543397,Consumer Discretionary
SARDA ENERGY & MINERALS LTD.,504614,Commodities
SAREGAMA INDIA LTD.,532163,Consumer Discretionary
Sasken Technologies Limited,532663,Information Technology
SAVITA OIL TECHNOLOGIES LTD.,524667,Energy
SBFC Finance Limited,543959,Financial Services
SBI CARDS AND PAYMENT SERVICES,543066,Financial Services
SBI Life Insurance Company Lim,540719,Financial Services
Schaeffler India Limited,505790,Consumer Discretionary
SCHNEIDER ELECTRIC INFRASTRUCT,534139,Industrials
SEAMEC LTD.,526807,Services
Senco Gold Limited,543936,Consumer Discretionary
Seshaasai Technologies Limited,544533,Financial Services
SG FINSERVE LIMITED,539199,Financial Services
SG MART LIMITED,512329,Commodities
SHAILY ENGINEERING PLASTICS LT,501423,Consumer Discretionary
SHAKTI PUMPS (INDIA) LTD.,531431,Industrials
Shalby Limited,540797,Healthcare
SHANTHI GEARS LTD.,522034,Industrials
Sharda Cropchem Limited,538666,Commodities
SHARDA MOTOR INDUSTRIES LTD,535602,Consumer Discretionary
Share India Securities Limited,540725,Financial Services
Sheela Foam Limited,540203,Consumer Discretionary
SHILCHAR TECHNOLOGIES LTD.,531201,Industrials
SHILPA MEDICARE LTD.,530549,Healthcare
SHIPPING CORPORATION OF INDIA,523598,Services
SHIVALIK BIMETAL CONTROLS LTD.,513097,Industrials
SHOPPERS STOP LTD.,532638,Consumer Discretionary
SHREE CEMENT LTD.,500387,Commodities
SHREE RENUKA SUGARS LTD.,532670,Fast Moving Consumer Goods
Shreeji Shipping Global Limite,544490,Services
Shriram Finance Limited,511218,Financial Services
Shyam Metalics and Energy Limi,543299,Industrials
Siemens Energy India Limited,544390,Industrials
SIEMENS LTD.,500550,Industrials
SIGNATUREGLOBAL (INDIA) LIMITE,543990,Consumer Discretionary
SINDHU TRADE LINKS LIMITED,532029,Energy
Sirca Paints India Limited,543686,Consumer Discretionary
SIS LIMITED,540673,Consumer Discretionary
SIYARAM SILK MILLS LTD.,503811,Consumer Discretionary
SJVN LTD,533206,Utilities
SKF INDIA (INDUSTRIAL) LIMITED,544572,Industrials
SKF INDIA LIMITED,500472,Consumer Discretionary
SKIPPER LTD,538562,Industrials
Sky Gold And Diamonds Limited,541967,Consumer Discretionary
SMARTWORKS COWORKING SPACES LI,544447,Services
SML Mahindra Limited,505192,Industrials
SOBHA,532784,Consumer Discretionary
SOLAR INDUSTRIES INDIA LTD.,532725,Commodities
SOLARA ACTIVE PHARMA SCIENCES,541540,Healthcare
Sona BLW Precision Forgings Li,543300,Consumer Discretionary
SONATA SOFTWARE LTD.,532221,Information Technology
SOUTH INDIAN BANK LTD.,532218,Financial Services
SPICEJET LTD.,500285,Services
SPR Auto Technologies Limited,544344,Consumer Discretionary
SRF LTD.,503806,Commodities
Sri Lotus Developers and Realt,544469,Consumer Discretionary
Star Cement Limited,540575,Commodities
Star Health and Allied Insuran,543412,Financial Services
STATE BANK OF INDIA,500112,Financial Services
STEEL AUTHORITY OF INDIA LTD.,500113,Commodities
STEEL STRIPS WHEELS LTD.,513262,Consumer Discretionary
STERLING AND WILSON RENEWABLE,542760,Industrials
STERLITE TECHNOLOGIES LTD.,532374,Telecommunication
STRIDES PHARMA SCIENCE LIMITED,532531,Healthcare
STYLAM INDUSTRIES LIMITED,526951,Consumer Discretionary
Styrenix Performance Materials,506222,Commodities
SUBROS LTD.,517168,Industrials
SUDARSHAN CHEMICAL INDUSTRIES,506655,Commodities
Sudeep Pharma Limited,544619,Commodities
SUMITOMO CHEMICAL INDIA LIMITE,542920,Commodities
SUN PHARMA ADVANCED RESEARCH C,532872,Healthcare
SUN PHARMACEUTICAL INDUSTRIES,524715,Healthcare
SUN TV NETWORK LTD.,532733,Consumer Discretionary
SUNDARAM-CLAYTON LIMITED,544066,Consumer Discretionary
SUNDRAM FASTENERS LTD.,500403,Consumer Discretionary
SUNDROP BRANDS LIMITED,500215,Fast Moving Consumer Goods
SUNFLAG IRON & STEEL CO.LTD.,500404,Industrials
SUNTECK REALTY LTD.,512179,Consumer Discretionary
SUPRAJIT ENGINEERING LTD.,532509,Consumer Discretionary
SUPREME INDUSTRIES LTD.,509930,Industrials
SUPREME PETROCHEM LTD.,500405,Commodities
Supriya Lifescience Limited,543434,Healthcare
SURYA ROSHNI LTD.,500336,Industrials
SUVEN LIFE SCIENCES LTD.,530239,Healthcare
SUZLON ENERGY LTD.,532667,Industrials
Swan Corp Limited,503310,Commodities
SWARAJ ENGINES LTD.,500407,Industrials
SWIGGY LIMITED,544285,Consumer Discretionary
SYMPHONY LIMITED,517385,Consumer Discretionary
Syngene International Limited,539268,Healthcare
Syrma SGS Technology Limited,543573,Industrials
T D POWER SYSTEMS LTD.,533553,Industrials
TAJGVK HOTELS & RESORTS LTD.,532390,Consumer Discretionary
Tamilnad Mercantile Bank Limit,543596,Financial Services
TANFAC INDUSTRIES LTD.,506854,Commodities
TANLA PLATFORMS LIMITED,532790,Information Technology
TARC LIMITED,543249,Consumer Discretionary
TASTY BITE EATABLES LTD.,519091,Fast Moving Consumer Goods
Tata Capital Limited,544574,Financial Services
TATA CHEMICALS LTD.,500770,Commodities
TATA COMMUNICATIONS LTD.,500483,Telecommunication
TATA CONSULTANCY SERVICES LTD.,532540,Information Technology
TATA CONSUMER PRODUCTS LIMITED,500800,Fast Moving Consumer Goods
TATA ELXSI LTD.,500408,Information Technology
TATA INVESTMENT CORPORATION LT,501301,Financial Services
Tata Motors Limited,544569,Industrials
TATA MOTORS PASSENGER VEHICLES,500570,Consumer Discretionary
TATA POWER CO.LTD.,500400,Utilities
TATA STEEL LTD.,500470,Commodities
Tata Technologies Limited,544028,Information Technology
TATA TELESERVICES (MAHARASHTRA,532371,Telecommunication
Tatva Chintan Pharma Chem Limi,543321,Commodities
TBO TEK LIMITED,544174,Consumer Discretionary
TCI Express Limited,540212,Services
TeamLease Services Limited,539658,Services
TECH MAHINDRA LTD.,532755,Information Technology
Techno Electric & Engineering,542141,Industrials
TECHNOCRAFT INDUSTRIES (INDIA),532804,Industrials
Tega Industries Limited,543413,Industrials
Tejas Networks Limited,540595,Telecommunication
Tenneco Clean Air India Limite,544612,Consumer Discretionary
TEXMACO RAIL & ENGINEERING LTD,533326,Industrials
THANGAMAYIL JEWELLERY LTD,533158,Consumer Discretionary
The Anup Engineering Ltd,542460,Industrials
The Bombay Burmah Trading Corp,501425,Fast Moving Consumer Goods
THE INDIAN HOTELS COMPANY LTD,500850,Consumer Discretionary
The New India Assurance Compan,540769,Financial Services
THE PHOENIX MILLS LTD,503100,Consumer Discretionary
THE RAMCO CEMENTS LIMITED,500260,Commodities
THERMAX LTD.,500411,Industrials
THIRUMALAI CHEMICALS LTD.,500412,Commodities
THOMAS COOK (INDIA) LTD.,500413,Consumer Discretionary
Thyrocare Technologies Limited,539871,Healthcare
TILAKNAGAR INDUSTRIES LTD.,507205,Fast Moving Consumer Goods
TIME TECHNOPLAST LTD.,532856,Industrials
TIMEX GROUP INDIA LTD.,500414,Consumer Discretionary
TIMKEN INDIA LTD.,522113,Industrials
TIPS MUSIC LIMITED,532375,Consumer Discretionary
TITAGARH RAIL SYSTEMS LIMITED,532966,Industrials
TITAN COMPANY LIMITED,500114,Consumer Discretionary
TORRENT PHARMACEUTICALS LTD.,500420,Healthcare
TORRENT POWER LTD.,532779,Utilities
TRANSFORMERS AND RECTIFIERS (I,532928,Industrials
TRANSPORT CORPORATION OF INDIA,532349,Services
Transrail Lighting Limited,544317,Industrials
TRAVEL FOOD SERVICES LIMITED,544443,Consumer Discretionary
TRENT LTD.,500251,Consumer Discretionary
TRIDENT LTD.,521064,Consumer Discretionary
TRIVENI ENGINEERING & INDUSTRI,532356,Fast Moving Consumer Goods
Triveni Power Transmission Limited,544824,-
TRIVENI TURBINE LTD.,533655,Industrials
TTK PRESTIGE LTD.,517506,Consumer Discretionary
Tube Investments of India Ltd,540762,Consumer Discretionary
TVS Holdings Limited,520056,Financial Services
TVS MOTOR COMPANY LTD.,532343,Consumer Discretionary
TVS SRICHAKRA LTD.,509243,Consumer Discretionary
TVS Supply Chain Solutions Lim,543965,Services
UCO BANK,532505,Financial Services
UFLEX LTD.,500148,Industrials
UGRO CAPITAL LIMITED,511742,Financial Services
Ujjivan Small Finance Bank Lim,542904,Financial Services
ULTRATECH CEMENT LTD.,532538,Commodities
UNICHEM LABORATORIES LTD.,506690,Healthcare
Unimech Aerospace and Manufact,544322,Industrials
UNION BANK OF INDIA,532477,Financial Services
Uniparts India Limited,543689,Consumer Discretionary
UNITED BREWERIES LTD.,532478,Fast Moving Consumer Goods
UNITED SPIRITS LTD.,532432,Fast Moving Consumer Goods
UNO Minda Limited,532539,Consumer Discretionary
UPL LIMITED,512070,Commodities
Urban Company Limited,544515,Consumer Discretionary
USHA MARTIN LTD.,517146,Industrials
UTI Asset Management Company L,543238,Financial Services
UTKARSH SMALL FINANCE BANK LIM,543942,Financial Services
V-GUARD INDUSTRIES LTD.,532953,Consumer Discretionary
V-MART RETAIL LTD.,534976,Consumer Discretionary
V.I.P.INDUSTRIES LTD.,507880,Consumer Discretionary
V.S.T.TILLERS TRACTORS LTD.,531266,Industrials
V2 RETAIL LTD.,532867,Consumer Discretionary
VA TECH WABAG LTD.,533269,Utilities
VADILAL INDUSTRIES LTD.,519156,Fast Moving Consumer Goods
VAIBHAV GLOBAL LTD,532156,Consumer Discretionary
VARDHMAN SPECIAL STEELS LTD.,534392,Industrials
VARDHMAN TEXTILES LTD.,502986,Consumer Discretionary
Varroc Engineering Limited,541578,Consumer Discretionary
Varun Beverages Limited,540180,Fast Moving Consumer Goods
Vedant Fashions Limited,543463,Consumer Discretionary
VENKYS (INDIA) LTD.,523261,Fast Moving Consumer Goods
Ventive Hospitality Limited,544321,Consumer Discretionary
Venus Pipes & Tubes Limited,543528,Industrials
VESUVIUS INDIA LTD.,520113,Industrials
Vijaya Diagnostic Centre Limit,543350,Healthcare
Vikram Solar Limited,544488,Industrials
VINATI ORGANICS LTD.,524200,Commodities
Vishal Mega Mart Limited,544307,Consumer Discretionary
VISHNU CHEMICALS LTD.,516072,Commodities
VIYASH SCIENTIFIC LIMITED,512529,Healthcare
VODAFONE IDEA  LIMITED,532822,Telecommunication
VOLTAMP TRANSFORMERS LTD.,532757,Industrials
VOLTAS LTD.,500575,Consumer Discretionary
VRL Logistics Limited,539118,Services
VST INDUSTRIES LTD.,509966,Fast Moving Consumer Goods
Waaree Energies Limited,544277,Industrials
WAAREE RENEWABLE TECHNOLOGIES,534618,Industrials
Wakefit Innovations Limited,544642,Consumer Discretionary
WEBSOL ENERGY SYSTEM LTD.,517498,Industrials
WELSPUN CORP LIMITED,532144,Industrials
WELSPUN ENTERPRISES LIMTED,532553,Industrials
WELSPUN LIVING LIMITED,514162,Consumer Discretionary
West Coast Paper Mills Limited,500444,Commodities
WESTLIFE FOODWORLD LIMITED,505533,Consumer Discretionary
WeWork India Management Limite,544570,Services
WHIRLPOOL OF INDIA LTD.,500238,Consumer Discretionary
WIPRO LTD.,507685,Information Technology
WOCKHARDT LTD.,532300,Healthcare
WONDERLA HOLIDAYS LTD,538268,Consumer Discretionary
WPIL LTD.,505872,Industrials
YATHARTH HOSPITAL & TRAUMA CAR,543950,Healthcare
YATRA ONLINE LIMITED,543992,Consumer Discretionary
YES BANK LTD.,532648,Financial Services
ZAGGLE PREPAID OCEAN SERVICES,543985,Information Technology
ZEE ENTERTAINMENT ENTERPRISES,505537,Consumer Discretionary
ZEN TECHNOLOGIES LTD.,533339,Industrials
ZENSAR TECHNOLOGIES LTD.,504067,Information Technology
ZF Commercial Vehicle Control,533023,Consumer Discretionary
Zydus Lifesciences Limited,532321,Healthcare
ZYDUS WELLNESS LTD.,531335,Fast Moving Consumer Goods
