Scrip Code,COMPANY,ISIN No.,Close Price
544176,Aadhar Housing Finance Limited,INE883F01010,494.85
524208,AARTI INDUSTRIES LTD.,INE769A01020,477.35
541988,AAVAS Financiers Limited,INE216P01012,1379.55
544283,ACME Solar Holdings Limited,INE622W01025,366.05
532762,ACTION CONSTRUCTION EQUIPMENT,INE731H01025,1040.15
543349,ACUTAAS CHEMICALS LIMITED,INE00FF01025,3257.15
535755,Aditya Birla Fashion and Retai,INE647O01011,56.3
544403,Aditya Birla Lifestyle Brands,INE14LE01019,94.09
500040,ADITYA BIRLA REAL ESTATE LIMIT,INE055A01016,1374
543374,Aditya Birla Sun Life AMC Limi,INE404A01024,1016.9
544466,Aditya Infotech Limited,INE819V01029,3535.15
500003,AEGIS LOGISTICS LTD.,INE208C01025,1349.4
544407,AEGIS VOPAK TERMINALS LIMITED,INE0INX01018,293.05
543534,Aether Industries Limited,INE0BWX01014,1428.15
544280,Afcons Infrastructure Limited,INE101I01011,285.95
542752,AFFLE 3I LIMITED,INE00WC01027,1444.35
544203,Allied Blenders and Distillers,INE552Z01027,619.7
521070,ALOK INDUSTRIES LTD.,INE270A01029,12.08
500008,Amara Raja Energy & Mobility L,INE885A01032,872.9
540902,Amber Enterprises India Limite,INE371P01015,7260.75
543415,Anand Rathi Wealth Limited,INE463V01026,2041.8
515055,ANANT RAJ LIMITED,INE242C01024,587.55
543235,ANGEL ONE LIMITED,INE732I01021,308
544449,Anthem Biosciences Limited,INE0CZ201020,769.9
532259,APAR INDUSTRIES LTD.,INE372A01015,13855.4
543335,Aptus Value Housing Finance In,INE852O01025,277.35
515030,ASAHI INDIA GLASS LTD.,INE439A01020,886.1
540975,Aster DM Healthcare Limited,INE914M01019,784
544397,Ather Energy Limited,INE0LEZ01016,1209.2
500027,ATUL LTD.,INE100A01010,6394.95
543458,AWL AGRI BUSINESS LIMITED,INE699H01024,188.2
500038,BALRAMPUR CHINI MILLS LTD,INE119A01028,610.15
541153,Bandhan Bank Limited,INE545U01014,166
500043,BATA INDIA LTD.,INE176A01028,688.85
506285,BAYER CROPSCIENCE LTD.,INE462A01022,4218.45
544405,BELRISE INDUSTRIES LIMITED,INE894V01022,228.4
500048,BEML LTD.,INE258A01024,1713.1
543653,Bikaji Foods International Lim,INE00E101023,633.1
532400,BIRLASOFT LIMITED,INE836A01035,282.5
540073,BLS International Services Ltd,INE153T01027,233.65
526612,BLUE DART EXPRESS LTD.,INE233B01017,4896.75
544226,Brainbees Solutions Limited,INE02RE01045,208.4
532929,BRIGADE ENTERPRISES LTD.,INE791I01019,525.4
543425,C.E. Info Systems Limited,INE0BV301023,1116.55
511196,CAN FIN HOMES LTD.,INE477A01020,814.2
524742,CAPLIN POINT LABORATORIES LTD.,INE475E01026,2464.65
531595,CAPRI GLOBAL CAPITAL LIMITED,INE180C01042,238.15
513375,CARBORUNDUM UNIVERSAL LTD.,INE120A01034,1064.15
500870,CASTROL INDIA LTD.,INE172A01027,184.85
519600,CCL PRODUCTS (INDIA) LTD.,INE421D01022,1182.55
500878,CEAT LTD.,INE482A01020,3325.45
544012,Cello World Limited,INE0LMW01024,344.45
509496,Cemindia Projects Limited,INE686A01026,1441.15
532443,CERA SANITARYWARE LTD.,INE739E01017,6017.95
500084,CESC LTD.,INE486A01021,163.1
542399,Chalet Hotels Limited,INE427F01016,815.05
500085,CHAMBAL FERTILISERS & CHEMICAL,INE085A01013,431.5
500110,CHENNAI PETROLEUM CORPORATION,INE178A01016,1214
531358,CHOICE INTERNATIONAL LTD.,INE102B01014,797.5
504973,CHOLAMANDALAM FINANCIAL HOLDIN,INE149A01033,1518.2
532756,CIE Automotive India Limited,INE536H01010,413.9
532210,CITY UNION BANK LIMITED,INE491A01021,219.75
543318,Clean Science and Technology L,INE227W01023,720.95
543064,Cohance Lifesciences Limited,INE03QK01018,417.6
543232,Computer Age Management Servic,INE596I01020,761.15
543960,Concord Biotech Limited,INE338H01029,1248.65
543276,Craftsman Automation Limited,INE00LO01017,9295.9
541770,CreditAccess Grameen Ltd.,INE741K01010,1516.9
539876,Crompton Greaves Consumer Elec,INE299U01018,249.95
532175,CYIENT LIMITED,INE136B01020,840
543428,Data Patterns (India) Limited,INE0IX101010,4582.5
523367,DCM SHRIRAM LIMITED,INE499A01024,1005.45
500645,DEEPAK FERTILISERS & PETROCHEM,INE501A01019,1571.55
506401,DEEPAK NITRITE LTD.,INE288B01029,1649.5
543529,Delhivery Limited,INE148O01028,462.55
543330,Devyani International Limited,INE872J01023,112.3
544045,DOMS Industries Limited,INE321T01012,2221.85
539524,Dr. Lal Pathlabs Limited,INE600L01024,1756.7
500125,E.I.D.-PARRY (INDIA) LTD.,INE126A01031,757.8
532927,ECLERX SERVICES LTD.,INE738I01010,1861.5
500840,EIH LTD.,INE230A01023,325.35
505700,ELECON ENGINEERING CO.LTD.,INE205B01031,421.5
522074,ELGI EQUIPMENTS LTD.,INE285A01027,577.85
531162,EMAMI LTD.,INE548C01032,408.3
532832,EMBASSY DEVELOPMENTS LIMITED,INE069I01010,61.28
544210,Emcure Pharmaceuticals Limited,INE168P01015,1881.65
544608,Emmvee Photovoltaic Power Limi,INE1C6T01020,330.7
532178,ENGINEERS INDIA LTD.,INE510A01028,225.3
540596,Eris Lifesciences Limited,INE406M01024,1398.9
500144,FINOLEX CABLES LTD.,INE235A01022,998.55
500940,FINOLEX INDUSTRIES LTD.,INE183A01024,163.6
532809,FIRSTSOURCE SOLUTIONS LTD.,INE684F01012,253.8
543663,Five-Star Business Finance Ltd,INE128S01021,535.15
500033,FORCE MOTORS LTD.,INE451A01017,17627.1
505714,GABRIEL INDIA LTD.,INE524A01029,1364.05
532726,GALLANTT ISPAT LIMITED,INE297H01019,523.9
542011,Garden Reach Shipbuilders & En,INE382Z01011,2565.45
507815,GILLETTE INDIA LTD.,INE322A01010,7816.8
543245,Gland Pharma Limited,INE068V01023,2378.35
544179,Go Digit General Insurance Lim,INE03JT01014,256.5
532734,GODAWARI POWER & ISPAT LTD.,INE177H01039,240.25
540743,Godrej Agrovet Limited,INE850D01014,574.05
532482,GRANULES INDIA LTD.,INE101D01020,833.65
509488,GRAPHITE INDIA LTD.,INE371A01025,672.6
533282,GRAVITA INDIA LTD.,INE024L01027,1775.35
500620,GREAT EASTERN SHIPPING CO.LTD.,INE017A01032,1437.4
506076,GRINDWELL NORTON LTD.,INE536A01023,2011.75
544801,GSPL Transmission Limited,INE1TUG01013,148.5
539336,Gujarat Energy Limited,INE844O01030,265.3
532181,GUJARAT MINERAL DEVELOPMENT CO,INE131A01031,562.55
500670,GUJARAT NARMADA VALLEY FERTILI,INE113A01013,503.35
500690,GUJARAT STATE FERTILIZERS & CH,INE026A01025,154.5
517271,HBL ENGINEERING LIMITED,INE292B01021,698.55
509631,HEG LTD.,INE545A01024,642.6
500183,HFCL LIMITED,INE548A01028,196.85
500184,Himadri Speciality Chemical Lt,INE019C01026,789.3
543259,Home First Finance Company Ind,INE481N01025,1173.75
544014,Honasa Consumer Limited,INE0J5401028,448.9
517174,HONEYWELL AUTOMATION INDIA LTD,INE671A01010,37481.05
500106,IFCI LTD.,INE039A01010,70.15
532636,IIFL FINANCE LIMITED,INE530B01024,557.1
544172,Indegene Limited,INE065X01017,492.75
530005,INDIA CEMENTS LTD.,INE383A01012,407.6
542726,IndiaMART InterMESH Limited,INE933S01016,1757.85
540750,Indian Energy Exchange Limited,INE022Q01020,124.25
532514,INDRAPRASTHA GAS LTD.,INE203G01027,149.3
539083,Inox Wind Limited,INE066P01011,76.93
538835,INTELLECT DESIGN ARENA LIMITED,INE306R01017,732.8
544311,International Gemological Inst,INE0Q9301021,338.75
544309,INVENTURUS KNOWLEDGE SOLUTIONS,INE115Q01022,1760.6
532947,IRB INFRASTRUCTURE DEVELOPERS,INE821I01022,19.62
541956,IRCON International Ltd,INE962Y01021,126.1
532627,JAIPRAKASH POWER VENTURES LIMI,INE351F01018,16.96
532209,JAMMU & KASHMIR BANK LTD.,INE168A01041,172.7
532605,JBM AUTO LTD.,INE927D01051,656.35
500378,JINDAL SAW LTD.,INE324A01032,255.5
500380,JK LAKSHMI CEMENT LTD.,INE786A01032,572.15
523405,JM FINANCIAL LTD.,INE780C01023,122.05
544480,JSW CEMENT LIMITED,INE718I01012,132
500710,JSW Dulux Limited,INE133A01011,2937.65
532642,JSW HOLDINGS LIMITED,INE824G01012,10857.2
543271,Jubilant Ingrevia Limited,INE0BY001018,725.5
530019,JUBILANT PHARMOVA LIMITED,INE700A01033,962
533272,JUPITER WAGONS LIMITED,INE209L01016,246.7
532926,JYOTHY LABS LIMITED,INE668F01031,198.6
544081,Jyoti CNC Automation Limited,INE980O01024,796.2
500233,KAJARIA CERAMICS LTD.,INE217B01036,1212.65
522287,KALPATARU PROJECTS INTERNATION,INE220B01022,1303.65
500165,KANSAI NEROLAC PAINTS LTD.,INE531A01024,193.1
543664,KAYNES TECHNOLOGY INDIA LIMITE,INE918Z01012,3176.1
532714,KEC INTERNATIONAL LTD.,INE389H01022,470.9
543720,KFin Technologies Limited,INE138Y01010,858
500241,KIRLOSKAR BROTHERS LTD.,INE732A01036,1834.5
533293,KIRLOSKAR OIL ENGINES LTD.,INE146L01010,2181.55
542651,KPIT Technologies Ltd,INE04I401011,583
543308,Krishna Institute of Medical S,INE967H01025,797.25
543398,Latent View Analytics Limited,INE0I7C01011,295.95
544408,Leela Palaces Hotels & Resorts,INE0AQ201015,474.3
541233,Lemon Tree Hotels Limited,INE970X01018,109.25
532783,LT FOODS LTD.,INE818H01020,375.5
539957,Mahanagar Gas Limited,INE002S01010,1075.9
500265,MAHARASHTRA SEAMLESS LTD.,INE271B01025,571.65
531213,Manappuram Finance Ltd,INE522D01027,352.85
500109,MANGALORE REFINERY & PETROCHEM,INE103A01014,169.7
543427,Medplus Health Services Limite,INE804L01022,720.9
538962,Minda Corporation Limited,INE842C01021,676.2
543498,Motherson Sumi Wiring India Li,INE0FS801015,40.09
539551,Narayana Hrudayalaya Limited,INE410P01011,1962.15
524816,NATCO PHARMA LTD.,INE987B01026,920.8
544467,National Securities Depository,INE301O01023,810.05
513023,NAVA LIMITED,INE725A01030,554.6
532504,NAVIN FLUORINE INTERNATIONAL L,INE048G01026,7525.25
534309,NBCC (India) Limited,INE095N01031,93.85
500294,NCC LIMITED,INE868B01028,136.95
543945,NETWEB TECHNOLOGIES INDIA LIMI,INE0NT901020,4154.85
524558,NEULAND LABORATORIES LTD.,INE794A01010,18570.85
540900,Newgen Software Technologies L,INE619B01017,505.65
543768,NMDC Steel Limited,INE0NNS01018,41.4
543988,Nuvama Wealth Management Limit,INE531F01023,1979.8
543334,Nuvoco Vistas Corporation Limi,INE118D01016,355.7
544225,Ola Electric Mobility Limited,INE0LXG01040,37.07
532439,OLECTRA GREENTECH LIMITED,INE260D01016,1334.25
544292,Onesource Specialty Pharma Lim,INE013P01021,1653.4
543530,Paradeep Phosphates Limited,INE088F01024,136
506590,PCBL Chemical Limited,INE602A01031,317.65
533581,PG ELECTROPLAST LTD.,INE457L01029,572
544609,Physicswallah Limited,INE0LP301011,128.7
544606,Pine Labs Limited,INE15B701018,145.8
543635,PIRAMAL PHARMA LIMITED,INE0DK501011,181.15
540173,PNB Housing Finance Limited,INE572E01012,1057.95
531768,POLY MEDICURE LTD.,INE205C01021,1666.5
532748,PRIME FOCUS LTD.,INE367G01038,289.1
539006,PTC Industries Ltd.,INE596F01018,17733.7
532689,PVR INOX LIMITED,INE191H01014,1063.35
543981,R R KABEL LIMITED,INE777K01022,2497
543265,RailTel Corporation of India L,INE0DD101019,284.95
543524,Rainbow Children's Medicare Li,INE961O01016,1455.45
532527,RAMKRISHNA FORGINGS LTD.,INE399G01023,579.35
524230,RASHTRIYA CHEMICALS & FERTILIZ,INE027A01015,124.1
540065,RBL Bank Limited,INE976G01028,352.95
532805,Redington Limited,INE891D01026,259.1
532939,RELIANCE POWER LTD.,INE614G01033,24.08
534076,RHI MAGNESITA INDIA LIMITED,INE743M01012,399.65
541556,RITES Limited,INE320J01015,213.75
544282,Sagility Limited,INE0W2G01015,40.46
544306,Sai Life Sciences Limited,INE570L01029,1232.3
535789,Sammaan Capital Limited,INE148I01020,160.7
543397,Sapphire Foods India Limited,INE806T01020,178.95
504614,SARDA ENERGY & MINERALS LTD.,INE385C01021,501.5
534139,SCHNEIDER ELECTRIC INFRASTRUCT,INE839M01018,1353.7
543299,Shyam Metalics and Energy Limi,INE810G01011,1027.25
543990,SIGNATUREGLOBAL (INDIA) LIMITE,INE903U01023,769.2
532784,SOBHA,INE671H01015,1363.15
532221,SONATA SOFTWARE LTD.,INE269A01021,288.15
543412,Star Health and Allied Insuran,INE575P01011,581.55
542920,SUMITOMO CHEMICAL INDIA LIMITE,INE258G01013,520.1
532733,SUN TV NETWORK LTD.,INE424H01027,486.75
503310,Swan Corp Limited,INE665A01038,310.1
539268,Syngene International Limited,INE398R01022,406.6
543573,Syrma SGS Technology Limited,INE0DYJ01015,1294.15
500770,TATA CHEMICALS LTD.,INE092A01019,684.5
501301,TATA INVESTMENT CORPORATION LT,INE672A01026,631.4
544028,Tata Technologies Limited,INE142M01025,711
544174,TBO TEK LIMITED,INE673O01025,1429.9
542141,Techno Electric & Engineering,INE285K01026,993.6
540595,Tejas Networks Limited,INE010J01012,496.2
544612,Tenneco Clean Air India Limite,INE19RI01016,539.85
501425,The Bombay Burmah Trading Corp,INE050A01025,1458.25
540769,The New India Assurance Compan,INE470Y01017,173.2
500260,THE RAMCO CEMENTS LIMITED,INE331A01037,914.4
522113,TIMKEN INDIA LTD.,INE325A01013,3127.7
532966,TITAGARH RAIL SYSTEMS LIMITED,INE615H01020,819.75
532928,TRANSFORMERS AND RECTIFIERS (I,INE763I01026,295.1
544443,TRAVEL FOOD SERVICES LIMITED,INE103V01028,1286.9
521064,TRIDENT LTD.,INE064C01022,25.13
533655,TRIVENI TURBINE LTD.,INE152M01016,611.6
520056,TVS Holdings Limited,INE105A01035,14621.2
544515,Urban Company Limited,INE0CAZ01013,129.8
517146,USHA MARTIN LTD.,INE228A01035,495.25
543238,UTI Asset Management Company L,INE094J01016,880.6
502986,VARDHMAN TEXTILES LTD.,INE825A01020,612.95
543463,Vedant Fashions Limited,INE825V01034,403.4
532144,WELSPUN CORP LIMITED,INE191B01025,1596.95
514162,WELSPUN LIVING LIMITED,INE192B01031,161.9
500238,WHIRLPOOL OF INDIA LTD.,INE716A01013,771.6
532300,WOCKHARDT LTD.,INE049B01025,1849.9
505537,ZEE ENTERTAINMENT ENTERPRISES,INE256A01028,104.85
533339,ZEN TECHNOLOGIES LTD.,INE251B01027,1769.5
504067,ZENSAR TECHNOLOGIES LTD.,INE520A01027,505.85
533023,ZF Commercial Vehicle Control,INE342J01019,2317.95
531335,ZYDUS WELLNESS LTD.,INE768C01028,561.65
